CREATE DATABASE  IF NOT EXISTS `ims` /*!40100 DEFAULT CHARACTER SET utf8mb4 COLLATE utf8mb4_0900_ai_ci */ /*!80016 DEFAULT ENCRYPTION='N' */;
USE `ims`;
-- MySQL dump 10.13  Distrib 8.0.46, for Win64 (x86_64)
--
-- Host: localhost    Database: ims
-- ------------------------------------------------------
-- Server version	8.0.46

/*!40101 SET @OLD_CHARACTER_SET_CLIENT=@@CHARACTER_SET_CLIENT */;
/*!40101 SET @OLD_CHARACTER_SET_RESULTS=@@CHARACTER_SET_RESULTS */;
/*!40101 SET @OLD_COLLATION_CONNECTION=@@COLLATION_CONNECTION */;
/*!50503 SET NAMES utf8 */;
/*!40103 SET @OLD_TIME_ZONE=@@TIME_ZONE */;
/*!40103 SET TIME_ZONE='+00:00' */;
/*!40014 SET @OLD_UNIQUE_CHECKS=@@UNIQUE_CHECKS, UNIQUE_CHECKS=0 */;
/*!40014 SET @OLD_FOREIGN_KEY_CHECKS=@@FOREIGN_KEY_CHECKS, FOREIGN_KEY_CHECKS=0 */;
/*!40101 SET @OLD_SQL_MODE=@@SQL_MODE, SQL_MODE='NO_AUTO_VALUE_ON_ZERO' */;
/*!40111 SET @OLD_SQL_NOTES=@@SQL_NOTES, SQL_NOTES=0 */;

--
-- Table structure for table `category`
--

DROP TABLE IF EXISTS `category`;
/*!40101 SET @saved_cs_client     = @@character_set_client */;
/*!50503 SET character_set_client = utf8mb4 */;
CREATE TABLE `category` (
  `id` int NOT NULL AUTO_INCREMENT,
  `name` varchar(100) NOT NULL,
  `description` varchar(255) DEFAULT NULL,
  PRIMARY KEY (`id`),
  UNIQUE KEY `name` (`name`)
) ENGINE=InnoDB AUTO_INCREMENT=16 DEFAULT CHARSET=utf8mb4 COLLATE=utf8mb4_0900_ai_ci;
/*!40101 SET character_set_client = @saved_cs_client */;

--
-- Dumping data for table `category`
--

LOCK TABLES `category` WRITE;
/*!40000 ALTER TABLE `category` DISABLE KEYS */;
INSERT INTO `category` VALUES (1,'Rice & Grains','All varieties of rice, kurakkan, meneri and other grains'),(2,'Flour & Bread','Wheat flour, rice flour, bread and bakery products'),(3,'Dhal & Pulses','Red lentils, green gram, chickpeas and other dhal varieties'),(4,'Biscuits & Snacks','Cream crackers, Marie, chips and local snacks'),(5,'Beverages','Tea, Milo, Nestomalt, fruit drinks and carbonated drinks'),(6,'Dairy Products','Fresh milk, curd, butter, cheese and yoghurt'),(7,'Coconut Products','Coconut oil, desiccated coconut, coconut milk powder'),(8,'Spices & Condiments','Turmeric, chilli powder, pepper, curry powder, salt'),(9,'Cooking Oil','Sunflower oil, vegetable oil, palmolein'),(10,'Canned & Packed Food','Canned fish, sardines, corned beef, tinned goods'),(11,'Noodles & Pasta','Kottu noodles, string hoppers flour, pasta varieties'),(12,'Cleaning Products','Detergent, washing powder, dish wash, floor cleaner'),(13,'Personal Care','Soap, shampoo, toothpaste, deodorant'),(14,'Confectionery','Chocolates, toffees, lollipops, candy'),(15,'Frozen & Chilled Food','Frozen fish, chicken, sausages, ice cream');
/*!40000 ALTER TABLE `category` ENABLE KEYS */;
UNLOCK TABLES;

--
-- Table structure for table `customer`
--

DROP TABLE IF EXISTS `customer`;
/*!40101 SET @saved_cs_client     = @@character_set_client */;
/*!50503 SET character_set_client = utf8mb4 */;
CREATE TABLE `customer` (
  `id` int NOT NULL AUTO_INCREMENT,
  `name` varchar(45) DEFAULT NULL,
  `phone` varchar(45) DEFAULT NULL,
  PRIMARY KEY (`id`)
) ENGINE=InnoDB AUTO_INCREMENT=32 DEFAULT CHARSET=utf8mb4 COLLATE=utf8mb4_0900_ai_ci;
/*!40101 SET character_set_client = @saved_cs_client */;

--
-- Dumping data for table `customer`
--

LOCK TABLES `customer` WRITE;
/*!40000 ALTER TABLE `customer` DISABLE KEYS */;
INSERT INTO `customer` VALUES (1,'gest','0'),(2,'Rohan Mendis','0712-345-678'),(3,'Lakshmi Peiris','0763-456-789'),(4,'Asiri Jayaratne','0774-567-890'),(5,'Sunitha Ratnayake','0715-678-901'),(6,'Mahesh Senanayake','0776-789-012'),(7,'Chathuri De Silva','0777-890-123'),(8,'Prasad Karunaratne','0718-901-234'),(9,'Dilrukshi Abeywickrama','0779-012-345'),(10,'Nalaka Gunasekara','0710-123-456'),(11,'Sandya Pathirana','0751-222-333'),(12,'Janitha Ekanayake','0762-333-444'),(13,'Harsha Kumara','0773-444-555'),(14,'Iresha Madushani','0714-555-666'),(15,'Buddhika Rajapaksha','0785-666-777'),(16,'Nishani Amaratunga','0776-777-888'),(17,'Gayan Wickremasinghe','0717-888-999'),(18,'Thilini Liyanage','0758-999-000'),(19,'Sachith Kularatne','0769-001-112'),(20,'Malathi Ranasinghe','0780-112-223'),(21,'Dinesh Kumarasiri','0771-223-334'),(22,'Pavithra Hettiarachchi','0712-334-445'),(23,'Shehan Samarasinghe','0763-445-556'),(24,'Ayanthi Gunathilake','0774-556-667'),(25,'Kasun Dissanayake','0715-667-778'),(26,'Nilmini Jayawardena','0776-778-889'),(27,'Tharaka Maduranga','0777-889-990'),(28,'Sachini Fonseka','0718-990-001'),(29,'Pradeep Weerasinghe','0779-001-112'),(30,'Ruwanthika Dias','0710-112-223'),(31,'Seeni Pulumm','0703760140');
/*!40000 ALTER TABLE `customer` ENABLE KEYS */;
UNLOCK TABLES;

--
-- Table structure for table `grn`
--

DROP TABLE IF EXISTS `grn`;
/*!40101 SET @saved_cs_client     = @@character_set_client */;
/*!50503 SET character_set_client = utf8mb4 */;
CREATE TABLE `grn` (
  `id` int NOT NULL AUTO_INCREMENT,
  `supplier_id` int NOT NULL,
  `user_id` int NOT NULL,
  `grn_date` datetime DEFAULT CURRENT_TIMESTAMP,
  `total_amount` decimal(12,2) DEFAULT NULL,
  `purchase_order_id` int NOT NULL,
  `grn_status_id` int NOT NULL,
  PRIMARY KEY (`id`),
  KEY `supplier_id` (`supplier_id`),
  KEY `user_id` (`user_id`),
  KEY `fk_grn_purchase_order1_idx` (`purchase_order_id`),
  KEY `fk_grn_po_status1_idx` (`grn_status_id`),
  CONSTRAINT `fk_grn_po_status1` FOREIGN KEY (`grn_status_id`) REFERENCES `grn_status` (`id`),
  CONSTRAINT `fk_grn_purchase_order1` FOREIGN KEY (`purchase_order_id`) REFERENCES `purchase_order` (`id`),
  CONSTRAINT `grn_ibfk_1` FOREIGN KEY (`supplier_id`) REFERENCES `supplier` (`id`),
  CONSTRAINT `grn_ibfk_2` FOREIGN KEY (`user_id`) REFERENCES `user` (`id`)
) ENGINE=InnoDB AUTO_INCREMENT=93 DEFAULT CHARSET=utf8mb4 COLLATE=utf8mb4_0900_ai_ci;
/*!40101 SET character_set_client = @saved_cs_client */;

--
-- Dumping data for table `grn`
--

LOCK TABLES `grn` WRITE;
/*!40000 ALTER TABLE `grn` DISABLE KEYS */;
INSERT INTO `grn` VALUES (1,14,4,'2023-01-25 09:00:00',198500.00,0,0),(2,13,4,'2023-01-25 10:30:00',152300.00,0,0),(3,1,5,'2023-01-26 09:00:00',87600.00,0,0),(4,2,5,'2023-01-26 11:00:00',92400.00,0,0),(5,4,4,'2023-01-27 09:00:00',143800.00,0,0),(6,5,10,'2023-01-27 11:00:00',118500.00,0,0),(7,3,10,'2023-01-28 09:00:00',96700.00,0,0),(8,9,5,'2023-01-28 11:00:00',78300.00,0,0),(9,8,4,'2023-01-30 09:00:00',234600.00,0,0),(10,11,5,'2023-01-30 11:00:00',67800.00,0,0),(11,1,4,'2023-02-05 09:00:00',94500.00,0,0),(12,4,5,'2023-02-06 09:00:00',128000.00,0,0),(13,12,10,'2023-02-08 09:00:00',115000.00,0,0),(14,5,4,'2023-02-10 09:00:00',135000.00,0,0),(15,14,5,'2023-02-12 09:00:00',205000.00,0,0),(16,9,10,'2023-02-14 10:00:00',88000.00,0,0),(17,7,4,'2023-02-16 09:00:00',92000.00,0,0),(18,2,5,'2023-02-18 09:00:00',78000.00,0,0),(19,13,10,'2023-02-20 09:00:00',145000.00,0,0),(20,8,4,'2023-02-22 09:00:00',198000.00,0,0),(21,1,4,'2023-03-01 09:00:00',85000.00,0,0),(22,4,5,'2023-03-03 09:00:00',135000.00,0,0),(23,12,10,'2023-03-05 09:00:00',125000.00,0,0),(24,5,4,'2023-03-07 09:00:00',110000.00,0,0),(25,14,5,'2023-03-10 09:00:00',220000.00,0,0),(26,3,10,'2023-03-12 09:00:00',95000.00,0,0),(27,9,4,'2023-03-15 09:00:00',80000.00,0,0),(28,8,5,'2023-03-18 09:00:00',185000.00,0,0),(29,13,10,'2023-03-22 09:00:00',160000.00,0,0),(30,11,4,'2023-03-25 09:00:00',72000.00,0,0),(31,9,20,'2026-04-17 00:00:00',16220.00,0,0),(32,8,20,'2026-04-17 00:00:00',9085.00,0,0),(33,1,20,'2026-04-19 02:38:32',6000.00,0,0),(34,1,20,'2026-04-19 02:48:45',6000.00,0,0),(38,5,20,'2026-04-19 05:09:07',4250.00,62,2),(39,5,20,'2026-04-19 05:14:37',4250.00,62,2),(40,5,20,'2026-04-19 05:21:24',4250.00,62,2),(41,2,20,'2026-04-19 05:51:58',7100.00,63,2),(42,2,20,'2026-04-19 05:58:41',8550.00,63,2),(43,5,20,'2026-04-19 05:59:29',6630.00,62,3),(44,1,20,'2026-04-19 06:05:51',1200.00,60,2),(45,2,20,'2026-04-19 06:09:39',8400.00,63,2),(46,9,20,'2026-04-19 06:24:39',32025.00,64,2),(47,9,20,'2026-04-19 06:24:55',10675.00,64,3),(48,5,20,'2026-04-19 07:19:27',12405.00,65,2),(49,5,20,'2026-04-19 07:19:43',3245.00,65,3),(50,3,20,'2026-04-19 07:24:33',17875.00,66,3),(51,3,20,'2026-04-19 07:25:12',4375.00,66,3),(52,8,20,'2026-04-19 07:39:33',7200.00,67,3),(53,8,20,'2026-04-19 07:39:56',4800.00,67,4),(54,3,20,'2026-04-19 07:41:47',875.00,68,3),(55,7,20,'2026-04-19 07:50:41',30940.00,69,2),(56,2,20,'2026-04-19 07:54:00',6500.00,70,2),(57,2,20,'2026-04-19 07:54:10',3640.00,70,3),(58,8,20,'2026-04-19 08:14:43',11000.00,71,2),(59,8,20,'2026-04-19 08:16:30',11000.00,71,3),(60,4,20,'2026-04-19 08:19:47',10725.00,72,2),(61,14,20,'2026-04-19 08:25:07',26250.00,73,2),(62,3,20,'2026-04-19 08:28:41',875.00,74,2),(63,3,20,'2026-04-19 08:29:34',350.00,74,3),(64,1,20,'2026-04-19 08:43:57',9600.00,76,2),(65,1,20,'2026-04-19 08:44:03',2400.00,76,4),(67,14,20,'2026-04-20 11:45:12',8750.00,78,4),(68,14,20,'2026-04-20 12:06:59',8750.00,78,3),(69,5,20,'2026-04-20 12:29:39',590.00,75,3),(70,3,20,'2026-04-20 13:27:50',380.00,79,2),(71,4,20,'2026-04-20 14:13:50',8775.00,72,3),(72,3,20,'2026-04-20 14:17:00',380.00,79,2),(73,3,20,'2026-04-20 14:19:27',54280.00,7,3),(74,3,20,'2026-04-21 06:18:42',190.00,79,3),(75,11,20,'2026-04-21 06:32:10',6250.00,80,3),(76,13,20,'2026-04-21 18:15:05',270000.00,81,3),(77,5,24,'2026-04-23 15:31:26',950.00,82,3),(78,7,20,'2026-04-24 17:21:41',8700.00,83,2),(79,8,20,'2026-04-26 09:07:27',4600.00,84,3),(80,2,20,'2026-04-26 16:19:48',2000.00,86,3),(81,7,21,'2026-04-26 19:03:15',5800.00,83,3),(82,14,20,'2026-05-01 06:26:09',945000.00,87,3),(83,5,20,'2026-05-02 06:57:21',18915.00,88,3),(84,13,21,'2026-05-03 07:38:01',42600.00,89,3),(85,7,21,'2026-05-03 07:53:58',2725.00,90,2),(86,7,21,'2026-05-03 07:54:52',2725.00,90,3),(87,9,21,'2026-05-03 10:23:37',3720.00,91,2),(88,9,21,'2026-05-03 10:23:51',2480.00,91,3),(89,3,21,'2026-05-03 10:24:59',285.00,92,2),(90,3,21,'2026-05-03 10:25:05',285.00,92,3),(91,8,21,'2026-05-03 10:58:01',4390.00,93,2),(92,8,21,'2026-05-03 11:18:25',2460.00,93,3);
/*!40000 ALTER TABLE `grn` ENABLE KEYS */;
UNLOCK TABLES;

--
-- Table structure for table `grn_item`
--

DROP TABLE IF EXISTS `grn_item`;
/*!40101 SET @saved_cs_client     = @@character_set_client */;
/*!50503 SET character_set_client = utf8mb4 */;
CREATE TABLE `grn_item` (
  `id` int NOT NULL AUTO_INCREMENT,
  `grn_id` int NOT NULL,
  `item_id` int NOT NULL,
  `total_quantity` int NOT NULL,
  `recieved_quantity` int NOT NULL,
  `purchase_price` decimal(10,2) NOT NULL,
  PRIMARY KEY (`id`),
  KEY `grn_id` (`grn_id`),
  KEY `item_id` (`item_id`),
  CONSTRAINT `grn_item_ibfk_1` FOREIGN KEY (`grn_id`) REFERENCES `grn` (`id`),
  CONSTRAINT `grn_item_ibfk_2` FOREIGN KEY (`item_id`) REFERENCES `item` (`id`)
) ENGINE=InnoDB AUTO_INCREMENT=183 DEFAULT CHARSET=utf8mb4 COLLATE=utf8mb4_0900_ai_ci;
/*!40101 SET character_set_client = @saved_cs_client */;

--
-- Dumping data for table `grn_item`
--

LOCK TABLES `grn_item` WRITE;
/*!40000 ALTER TABLE `grn_item` DISABLE KEYS */;
INSERT INTO `grn_item` VALUES (1,1,1,0,0,1580.00),(2,1,2,0,0,1710.00),(3,2,3,0,0,1290.00),(4,2,4,0,0,1220.00),(5,3,14,0,0,98.00),(6,3,15,0,0,94.00),(7,3,18,0,0,110.00),(8,4,16,0,0,106.00),(9,4,17,0,0,118.00),(10,4,67,0,0,98.00),(11,5,24,0,0,810.00),(12,5,25,0,0,710.00),(13,5,33,0,0,395.00),(14,5,38,0,0,215.00),(15,5,45,0,0,172.00),(16,5,53,0,0,72.00),(17,6,56,0,0,480.00),(18,6,57,0,0,435.00),(19,6,58,0,0,46.00),(20,6,61,0,0,78.00),(21,6,62,0,0,255.00),(22,6,63,0,0,168.00),(23,6,64,0,0,70.00),(24,6,47,0,0,295.00),(25,7,26,0,0,118.00),(26,7,29,0,0,146.00),(27,7,49,0,0,205.00),(28,7,21,0,0,78.00),(29,7,66,0,0,420.00),(30,8,30,0,0,270.00),(31,8,31,0,0,258.00),(32,8,32,0,0,780.00),(33,8,34,0,0,720.00),(34,8,35,0,0,68.00),(35,8,36,0,0,430.00),(36,9,1,0,0,1580.00),(37,9,3,0,0,1290.00),(38,9,6,0,0,210.00),(39,9,7,0,0,198.00),(40,9,10,0,0,420.00),(41,9,11,0,0,185.00),(42,9,12,0,0,162.00),(43,9,43,0,0,38.00),(44,10,40,0,0,78.00),(45,10,41,0,0,105.00),(46,10,42,0,0,120.00),(47,10,44,0,0,135.00),(48,11,14,0,0,98.00),(49,11,15,0,0,94.00),(50,11,18,0,0,110.00),(51,12,24,0,0,810.00),(52,12,25,0,0,710.00),(53,12,53,0,0,72.00),(54,12,19,0,0,162.00),(55,13,70,0,0,510.00),(56,13,72,0,0,460.00),(57,13,71,0,0,595.00),(58,14,56,0,0,480.00),(59,14,57,0,0,435.00),(60,14,60,0,0,198.00),(61,14,59,0,0,330.00),(62,15,1,0,0,1580.00),(63,15,2,0,0,1710.00),(64,16,30,0,0,270.00),(65,16,35,0,0,68.00),(66,16,36,0,0,430.00),(67,17,20,0,0,465.00),(68,17,27,0,0,248.00),(69,17,28,0,0,238.00),(70,17,46,0,0,510.00),(71,17,48,0,0,485.00),(72,18,16,0,0,106.00),(73,18,17,0,0,118.00),(74,18,67,0,0,98.00),(75,19,3,0,0,1290.00),(76,19,4,0,0,1220.00),(77,19,5,0,0,155.00),(78,20,6,0,0,210.00),(79,20,10,0,0,420.00),(80,20,43,0,0,38.00),(81,20,55,0,0,100.00),(82,20,54,0,0,122.00),(83,21,14,0,0,98.00),(84,21,15,0,0,94.00),(85,22,24,0,0,810.00),(86,22,53,0,0,72.00),(87,23,70,0,0,510.00),(88,23,72,0,0,460.00),(89,24,56,0,0,480.00),(90,24,61,0,0,78.00),(91,25,1,0,0,1580.00),(92,25,2,0,0,1710.00),(93,26,26,0,0,118.00),(94,26,49,0,0,205.00),(95,27,30,0,0,270.00),(96,27,35,0,0,68.00),(97,28,6,0,0,210.00),(98,28,10,0,0,420.00),(99,29,3,0,0,1290.00),(100,29,4,0,0,1220.00),(101,30,40,0,0,78.00),(102,30,41,0,0,105.00),(103,31,30,0,0,270.00),(104,31,35,0,0,68.00),(105,32,54,0,0,145.00),(106,32,55,0,0,120.00),(107,32,39,0,0,120.00),(108,32,37,0,0,680.00),(109,33,14,0,0,120.00),(110,34,14,0,0,120.00),(111,38,64,0,50,85.00),(112,39,64,0,50,85.00),(113,40,64,0,50,85.00),(114,41,17,0,40,145.00),(115,41,16,0,10,130.00),(116,42,17,0,50,145.00),(117,42,16,0,10,130.00),(118,43,64,0,78,85.00),(119,44,14,0,10,120.00),(120,45,17,0,40,145.00),(121,45,16,0,20,130.00),(122,46,30,0,60,310.00),(123,46,32,0,15,895.00),(124,47,30,0,20,310.00),(125,47,32,0,5,895.00),(126,48,62,0,9,295.00),(127,48,63,0,50,195.00),(128,49,62,0,11,295.00),(129,50,21,0,50,95.00),(130,50,29,0,75,175.00),(131,51,29,0,25,175.00),(132,52,55,0,60,120.00),(133,53,55,0,40,120.00),(134,54,29,0,5,175.00),(135,55,46,0,52,595.00),(136,56,16,0,50,130.00),(137,57,16,0,28,130.00),(138,58,11,0,50,220.00),(139,59,11,0,50,220.00),(140,60,19,0,55,195.00),(141,61,1,0,15,1750.00),(142,62,29,0,5,175.00),(143,63,29,0,2,175.00),(144,64,14,0,80,120.00),(145,65,14,0,20,120.00),(147,67,1,10,5,1750.00),(148,68,1,10,5,1750.00),(149,69,62,2,2,295.00),(150,70,21,10,4,95.00),(151,71,19,100,45,195.00),(152,72,21,10,4,95.00),(153,73,26,70,70,118.00),(154,73,29,120,120,146.00),(155,73,49,60,60,205.00),(156,73,21,100,100,78.00),(157,73,66,20,20,420.00),(158,74,21,10,2,95.00),(159,75,41,50,50,125.00),(160,76,4,200,200,1350.00),(161,77,61,10,10,95.00),(162,78,69,100,60,145.00),(163,79,7,20,20,230.00),(164,80,16,5,5,130.00),(165,80,17,5,5,145.00),(166,80,67,5,5,125.00),(167,81,69,100,40,145.00),(168,82,2,500,500,1890.00),(169,83,63,97,97,195.00),(170,84,3,30,30,1420.00),(171,85,20,10,5,545.00),(172,86,20,10,5,545.00),(173,87,30,20,12,310.00),(174,88,30,20,8,310.00),(175,89,21,6,3,95.00),(176,90,21,6,3,95.00),(177,91,51,10,6,195.00),(178,91,23,10,8,315.00),(179,91,13,10,4,175.00),(180,92,51,10,4,195.00),(181,92,23,10,2,315.00),(182,92,13,10,6,175.00);
/*!40000 ALTER TABLE `grn_item` ENABLE KEYS */;
UNLOCK TABLES;

--
-- Table structure for table `grn_status`
--

DROP TABLE IF EXISTS `grn_status`;
/*!40101 SET @saved_cs_client     = @@character_set_client */;
/*!50503 SET character_set_client = utf8mb4 */;
CREATE TABLE `grn_status` (
  `id` int NOT NULL,
  `name` varchar(45) DEFAULT NULL,
  PRIMARY KEY (`id`)
) ENGINE=InnoDB DEFAULT CHARSET=utf8mb4 COLLATE=utf8mb4_0900_ai_ci;
/*!40101 SET character_set_client = @saved_cs_client */;

--
-- Dumping data for table `grn_status`
--

LOCK TABLES `grn_status` WRITE;
/*!40000 ALTER TABLE `grn_status` DISABLE KEYS */;
INSERT INTO `grn_status` VALUES (1,'Draft'),(2,'Partially Received'),(3,'Fully Received'),(4,'Cancelled');
/*!40000 ALTER TABLE `grn_status` ENABLE KEYS */;
UNLOCK TABLES;

--
-- Table structure for table `item`
--

DROP TABLE IF EXISTS `item`;
/*!40101 SET @saved_cs_client     = @@character_set_client */;
/*!50503 SET character_set_client = utf8mb4 */;
CREATE TABLE `item` (
  `id` int NOT NULL AUTO_INCREMENT,
  `name` varchar(150) NOT NULL,
  `code` varchar(100) DEFAULT NULL,
  `selling_price` decimal(10,2) NOT NULL,
  `quantity` int DEFAULT '0',
  `reorder_level` int DEFAULT '10',
  `category_id` int DEFAULT NULL,
  `supplier_id` int DEFAULT NULL,
  `created_at` timestamp NULL DEFAULT CURRENT_TIMESTAMP,
  `item_status_id` int NOT NULL,
  PRIMARY KEY (`id`),
  UNIQUE KEY `barcode` (`code`),
  KEY `category_id` (`category_id`),
  KEY `supplier_id` (`supplier_id`),
  KEY `fk_item_item_status1_idx` (`item_status_id`),
  CONSTRAINT `fk_item_item_status1` FOREIGN KEY (`item_status_id`) REFERENCES `item_status` (`id`),
  CONSTRAINT `item_ibfk_1` FOREIGN KEY (`category_id`) REFERENCES `category` (`id`),
  CONSTRAINT `item_ibfk_2` FOREIGN KEY (`supplier_id`) REFERENCES `supplier` (`id`)
) ENGINE=InnoDB AUTO_INCREMENT=74 DEFAULT CHARSET=utf8mb4 COLLATE=utf8mb4_0900_ai_ci;
/*!40101 SET character_set_client = @saved_cs_client */;

--
-- Dumping data for table `item`
--

LOCK TABLES `item` WRITE;
/*!40000 ALTER TABLE `item` DISABLE KEYS */;
INSERT INTO `item` VALUES (1,'Araliya Samba Rice 5kg','RCE-001',1750.00,15,20,1,14,'2023-01-20 04:30:00',1),(2,'Araliya Keeri Samba 5kg','RCE-002',1890.00,283,65,1,14,'2023-01-20 04:35:00',1),(3,'Sunshine Nadu Rice 5kg','RCE-003',1420.00,19,20,1,13,'2023-01-20 04:40:00',1),(4,'Sunshine Red Raw Rice 5kg','RCE-004',1350.00,198,15,1,13,'2023-01-20 04:45:00',1),(5,'Kurakkan Flour 500g','RCE-005',185.00,47,10,1,8,'2023-01-20 04:50:00',1),(6,'Prima Gold Flour 1kg','FLR-001',245.00,78,25,2,7,'2023-01-20 04:55:00',1),(7,'Rathna Flour 1kg','FLR-002',230.00,0,25,2,8,'2023-01-20 05:00:00',4),(8,'Gardenia Milk Bread','FLR-003',160.00,0,15,2,8,'2023-01-20 05:05:00',1),(9,'Prima Hopper Flour 1kg','FLR-004',260.00,34,10,2,7,'2023-01-20 05:10:00',1),(10,'Red Lentils (Masoor Dhal) 1kg','DHL-001',485.00,52,20,3,8,'2023-01-20 05:15:00',1),(11,'Green Gram (Mung Dhal) 500g','DHL-002',220.00,149,15,3,8,'2023-01-20 05:20:00',1),(12,'Chickpeas (Kadala) 500g','DHL-003',195.00,42,10,3,8,'2023-01-20 05:25:00',1),(13,'Black Eye Beans 500g','DHL-004',175.00,50,10,3,8,'2023-01-20 05:30:00',1),(14,'Maliban Cream Cracker 200g','BSC-001',120.00,340,40,4,1,'2023-01-20 05:35:00',1),(15,'Maliban Marie 200g','BSC-002',115.00,140,40,4,1,'2023-01-20 05:40:00',1),(16,'CBL Munchee Lemon Puff 180g','BSC-003',130.00,243,30,4,2,'2023-01-20 05:45:00',1),(17,'CBL Tiara Chocolate 200g','BSC-004',145.00,235,25,4,2,'2023-01-20 05:50:00',1),(18,'Maliban Chocolate Puff 200g','BSC-005',135.00,100,30,4,1,'2023-01-20 05:55:00',1),(19,'Oreo Chocolate Cream 150g','BSC-006',195.00,180,20,4,4,'2023-01-20 06:00:00',1),(20,'Pringles Original 110g','BSC-007',545.00,10,10,4,7,'2023-01-20 06:05:00',1),(21,'Elephant House Munchees 100g','BSC-008',95.00,326,40,4,3,'2023-01-20 06:10:00',1),(22,'Dilmah Tea 100g','BEV-001',425.00,80,20,5,8,'2023-01-20 06:15:00',1),(23,'Laojee Tea 100g','BEV-002',315.00,100,25,5,8,'2023-01-20 06:20:00',1),(24,'Nestlé Milo 400g','BEV-003',890.00,50,15,5,4,'2023-01-20 06:25:00',1),(25,'Nestlé Nestomalt 400g','BEV-004',780.00,55,15,5,4,'2023-01-20 06:30:00',1),(26,'Elephant House Orange Barley 1L','BEV-005',145.00,170,25,5,3,'2023-01-20 06:35:00',1),(27,'Coca Cola 1.5L','BEV-006',295.00,85,20,5,7,'2023-01-20 06:40:00',1),(28,'Pepsi 1.5L','BEV-007',285.00,80,20,5,7,'2023-01-20 06:45:00',1),(29,'Necto Cream Soda 1.5L','BEV-008',175.00,302,20,5,3,'2023-01-20 06:50:00',1),(30,'Anchor Fresh Milk 1L','DRY-001',310.00,166,20,6,9,'2023-01-20 06:55:00',1),(31,'Rich Life Fresh Milk 1L','DRY-002',295.00,65,20,6,10,'2023-01-20 07:00:00',1),(32,'Anchor Full Cream Milk Pwdr 400g','DRY-003',895.00,20,10,6,9,'2023-01-20 07:05:00',1),(33,'Nestlé Milkmaid 400g','DRY-004',445.00,40,10,6,4,'2023-01-20 07:10:00',1),(34,'Lakspray Milk Powder 400g','DRY-005',820.00,50,15,6,9,'2023-01-20 07:15:00',1),(35,'Raththi Curd 200g Cup','DRY-006',85.00,47,25,6,9,'2023-01-20 07:20:00',1),(36,'Anchor Butter 200g','DRY-007',495.00,35,10,6,9,'2023-01-20 07:25:00',1),(37,'Coconut Oil 1L (Purest)','CCN-001',680.00,65,15,7,8,'2023-01-20 07:30:00',1),(38,'Maggi Coconut Milk Pwdr 300ml','CCN-002',245.00,70,20,7,4,'2023-01-20 07:35:00',1),(39,'Desiccated Coconut 250g','CCN-003',120.00,64,15,7,8,'2023-01-20 07:40:00',1),(40,'Larich Turmeric Powder 100g','SPC-001',95.00,90,25,8,11,'2023-01-20 07:45:00',1),(41,'Larich Chilli Powder 100g','SPC-002',125.00,135,25,8,11,'2023-01-20 07:50:00',1),(42,'Larich Curry Powder 100g','SPC-003',145.00,80,20,8,11,'2023-01-20 07:55:00',1),(43,'Iodized Salt 500g','SPC-004',45.00,120,30,8,8,'2023-01-20 08:00:00',1),(44,'Black Pepper Powder 50g','SPC-005',165.00,50,15,8,11,'2023-01-20 08:05:00',1),(45,'Maggi Tomato Ketchup 340g','SPC-006',195.00,60,15,8,4,'2023-01-20 08:10:00',1),(46,'Fortune Sunflower Oil 1L','OIL-001',595.00,117,20,9,7,'2023-01-20 08:15:00',1),(47,'Astra Margarine 500g','OIL-002',345.00,50,15,9,5,'2023-01-20 08:20:00',1),(48,'Soya Supreme Oil 1L','OIL-003',565.00,60,20,9,7,'2023-01-20 08:25:00',1),(49,'Elephant House Sardines 425g','CAN-001',245.00,150,25,10,3,'2023-01-20 08:30:00',1),(50,'Goya Corned Beef 340g','CAN-002',595.00,55,15,10,7,'2023-01-20 08:35:00',1),(51,'Ruhunu Tuna Chunks 185g','CAN-003',195.00,85,20,10,8,'2023-01-20 08:40:00',1),(52,'Knorr Chicken Noodles 70g','CAN-004',95.00,90,30,10,5,'2023-01-20 08:45:00',1),(53,'Maggi Noodles 75g','NDL-001',85.00,180,50,11,4,'2023-01-20 08:50:00',1),(54,'Sunquick Kottu Noodles 400g','NDL-002',145.00,105,30,11,8,'2023-01-20 08:55:00',1),(55,'String Hopper Flour Red 500g','NDL-003',120.00,179,20,11,8,'2023-01-20 09:00:00',1),(56,'Surf Excel 1kg','CLN-001',545.00,60,15,12,5,'2023-01-20 09:05:00',1),(57,'Rinso Washing Powder 1kg','CLN-002',495.00,65,20,12,5,'2023-01-20 09:10:00',1),(58,'Sunlight Dish Wash Bar 100g','CLN-003',55.00,150,40,12,5,'2023-01-20 09:15:00',1),(59,'Harpic Toilet Cleaner 500ml','CLN-004',395.00,40,10,12,7,'2023-01-20 09:20:00',1),(60,'Domex Bleach 500ml','CLN-005',245.00,55,15,12,5,'2023-01-20 09:25:00',1),(61,'Lux Beauty Soap 100g','PER-001',95.00,140,35,13,5,'2023-01-20 09:30:00',1),(62,'Sunsilk Shampoo 200ml','PER-002',295.00,92,20,13,5,'2023-01-20 09:35:00',1),(63,'Signal Toothpaste 140g','PER-003',195.00,227,25,13,5,'2023-01-20 09:40:00',1),(64,'Lifebuoy Soap 100g','PER-004',85.00,368,40,13,5,'2023-01-20 09:45:00',1),(65,'Vaseline Petroleum Jelly 100ml','PER-005',285.00,55,15,13,5,'2023-01-20 09:50:00',1),(66,'Elephant House Ice Cream 750ml','CNF-001',495.00,50,10,14,3,'2023-01-20 09:55:00',1),(67,'CBL Ritzbury Milk Choc 50g','CNF-002',125.00,105,30,14,2,'2023-01-20 10:00:00',1),(68,'Harischandra Milk Toffee 100g','CNF-003',75.00,120,35,14,8,'2023-01-20 10:05:00',1),(69,'Kopiko Coffee Candy 150g','CNF-004',145.00,180,20,14,7,'2023-01-20 10:10:00',1),(70,'Keells Chicken Sausages 400g','FRZ-001',595.00,0,10,15,12,'2023-01-20 10:15:00',1),(71,'Prima Chicken Nuggets 500g','FRZ-002',695.00,30,10,15,7,'2023-01-20 10:20:00',1),(72,'Keells Fish Fingers 400g','FRZ-003',545.00,30,10,15,12,'2023-01-20 10:25:00',1);
/*!40000 ALTER TABLE `item` ENABLE KEYS */;
UNLOCK TABLES;

--
-- Table structure for table `item_status`
--

DROP TABLE IF EXISTS `item_status`;
/*!40101 SET @saved_cs_client     = @@character_set_client */;
/*!50503 SET character_set_client = utf8mb4 */;
CREATE TABLE `item_status` (
  `id` int NOT NULL AUTO_INCREMENT,
  `name` varchar(45) DEFAULT NULL,
  PRIMARY KEY (`id`)
) ENGINE=InnoDB AUTO_INCREMENT=6 DEFAULT CHARSET=utf8mb4 COLLATE=utf8mb4_0900_ai_ci;
/*!40101 SET character_set_client = @saved_cs_client */;

--
-- Dumping data for table `item_status`
--

LOCK TABLES `item_status` WRITE;
/*!40000 ALTER TABLE `item_status` DISABLE KEYS */;
INSERT INTO `item_status` VALUES (1,'Active'),(2,'Inactive'),(3,'Discontinued'),(4,'Out of Stock'),(5,'huu');
/*!40000 ALTER TABLE `item_status` ENABLE KEYS */;
UNLOCK TABLES;

--
-- Table structure for table `movement_type`
--

DROP TABLE IF EXISTS `movement_type`;
/*!40101 SET @saved_cs_client     = @@character_set_client */;
/*!50503 SET character_set_client = utf8mb4 */;
CREATE TABLE `movement_type` (
  `id` int NOT NULL AUTO_INCREMENT,
  `name` varchar(45) DEFAULT NULL,
  PRIMARY KEY (`id`)
) ENGINE=InnoDB AUTO_INCREMENT=4 DEFAULT CHARSET=utf8mb4 COLLATE=utf8mb4_0900_ai_ci;
/*!40101 SET character_set_client = @saved_cs_client */;

--
-- Dumping data for table `movement_type`
--

LOCK TABLES `movement_type` WRITE;
/*!40000 ALTER TABLE `movement_type` DISABLE KEYS */;
INSERT INTO `movement_type` VALUES (1,'GRN'),(2,'SALE'),(3,'Adjustment');
/*!40000 ALTER TABLE `movement_type` ENABLE KEYS */;
UNLOCK TABLES;

--
-- Table structure for table `po_status`
--

DROP TABLE IF EXISTS `po_status`;
/*!40101 SET @saved_cs_client     = @@character_set_client */;
/*!50503 SET character_set_client = utf8mb4 */;
CREATE TABLE `po_status` (
  `id` int NOT NULL AUTO_INCREMENT,
  `name` varchar(45) DEFAULT NULL,
  PRIMARY KEY (`id`)
) ENGINE=InnoDB AUTO_INCREMENT=6 DEFAULT CHARSET=utf8mb4 COLLATE=utf8mb4_0900_ai_ci;
/*!40101 SET character_set_client = @saved_cs_client */;

--
-- Dumping data for table `po_status`
--

LOCK TABLES `po_status` WRITE;
/*!40000 ALTER TABLE `po_status` DISABLE KEYS */;
INSERT INTO `po_status` VALUES (1,'Draft'),(2,'Sent'),(3,'Partially Received'),(4,'Fully Received'),(5,'Cancelled');
/*!40000 ALTER TABLE `po_status` ENABLE KEYS */;
UNLOCK TABLES;

--
-- Table structure for table `purchase_order`
--

DROP TABLE IF EXISTS `purchase_order`;
/*!40101 SET @saved_cs_client     = @@character_set_client */;
/*!50503 SET character_set_client = utf8mb4 */;
CREATE TABLE `purchase_order` (
  `id` int NOT NULL AUTO_INCREMENT,
  `order_date` datetime DEFAULT NULL,
  `total_amount` decimal(12,2) DEFAULT NULL,
  `supplier_id` int NOT NULL,
  `created_by` int NOT NULL,
  `po_status_id` int NOT NULL,
  PRIMARY KEY (`id`),
  KEY `fk_purchase_order_supplier1_idx` (`supplier_id`),
  KEY `fk_purchase_order_user1_idx` (`created_by`),
  KEY `fk_purchase_order_po_status1_idx` (`po_status_id`),
  CONSTRAINT `fk_purchase_order_po_status1` FOREIGN KEY (`po_status_id`) REFERENCES `po_status` (`id`),
  CONSTRAINT `fk_purchase_order_supplier1` FOREIGN KEY (`supplier_id`) REFERENCES `supplier` (`id`),
  CONSTRAINT `fk_purchase_order_user1` FOREIGN KEY (`created_by`) REFERENCES `user` (`id`)
) ENGINE=InnoDB AUTO_INCREMENT=94 DEFAULT CHARSET=utf8mb4 COLLATE=utf8mb4_0900_ai_ci;
/*!40101 SET character_set_client = @saved_cs_client */;

--
-- Dumping data for table `purchase_order`
--

LOCK TABLES `purchase_order` WRITE;
/*!40000 ALTER TABLE `purchase_order` DISABLE KEYS */;
INSERT INTO `purchase_order` VALUES (1,'2023-01-22 10:00:00',198500.00,14,2,4),(2,'2023-01-22 11:00:00',152300.00,13,2,4),(3,'2023-01-23 09:00:00',87600.00,1,3,4),(4,'2023-01-23 10:00:00',92400.00,2,3,4),(5,'2023-01-24 09:00:00',143800.00,4,2,4),(6,'2023-01-24 10:00:00',118500.00,5,3,4),(7,'2023-01-25 09:00:00',96700.00,3,2,4),(8,'2023-01-25 10:00:00',78300.00,9,3,4),(9,'2023-01-26 09:00:00',234600.00,8,2,4),(10,'2023-01-26 10:00:00',67800.00,11,3,4),(11,'2023-02-02 09:00:00',94500.00,1,2,4),(12,'2023-02-03 09:00:00',128000.00,4,3,4),(13,'2023-02-05 09:00:00',115000.00,12,2,4),(14,'2023-02-07 09:00:00',135000.00,5,3,4),(15,'2023-02-09 09:00:00',205000.00,14,2,4),(16,'2023-02-11 09:00:00',88000.00,9,3,4),(17,'2023-02-13 09:00:00',92000.00,7,2,4),(18,'2023-02-15 09:00:00',78000.00,2,3,4),(19,'2023-02-17 09:00:00',145000.00,13,2,4),(20,'2023-02-19 09:00:00',198000.00,8,3,4),(21,'2023-02-26 09:00:00',85000.00,1,2,4),(22,'2023-02-28 09:00:00',135000.00,4,3,4),(23,'2023-03-02 09:00:00',125000.00,12,2,4),(24,'2023-03-04 09:00:00',110000.00,5,3,4),(25,'2023-03-07 09:00:00',220000.00,14,2,4),(26,'2023-03-09 09:00:00',95000.00,3,3,4),(27,'2023-03-12 09:00:00',80000.00,9,2,4),(28,'2023-03-15 09:00:00',185000.00,8,3,4),(29,'2023-03-19 09:00:00',160000.00,13,2,4),(30,'2023-03-22 09:00:00',72000.00,11,3,4),(31,'2023-03-28 09:00:00',245000.00,14,2,2),(32,'2023-03-28 10:00:00',152000.00,4,3,2),(33,'2023-03-29 09:00:00',118000.00,5,2,1),(34,'2023-03-30 09:00:00',298000.00,8,3,2),(35,'2023-03-27 09:00:00',96000.00,2,2,3),(36,'2023-03-25 10:00:00',65000.00,9,3,5),(37,'2023-03-29 10:00:00',138000.00,12,2,2),(39,'2023-03-30 18:30:00',176580.00,13,2,1),(40,'2023-03-29 18:30:00',37087.20,3,3,4),(45,'2026-04-08 18:30:00',5238.00,3,20,3),(47,'2026-04-09 18:30:00',43902.00,12,20,5),(48,'2026-04-09 18:30:00',1296.00,1,20,2),(49,'2026-04-10 18:30:00',18190.00,11,20,2),(50,'2026-04-11 07:52:45',4806.00,3,20,2),(51,'2026-04-11 07:57:42',153360.00,13,20,2),(52,'2026-04-10 18:30:00',2106.00,5,20,5),(53,'2026-04-11 08:10:54',65400.00,12,20,2),(54,'2026-04-10 18:59:37',445000.00,4,20,3),(60,'2026-04-08 08:33:29',6480.00,1,20,1),(61,'2026-04-17 09:13:52',16605.00,8,20,2),(62,'2026-04-19 04:28:34',6630.00,5,20,1),(63,'2026-04-19 05:51:33',11300.00,2,20,1),(64,'2026-04-19 07:18:39',42700.00,9,20,2),(65,'2026-04-19 07:19:11',15650.00,5,20,1),(66,'2026-04-19 07:24:10',22250.00,3,20,1),(67,'2026-04-19 07:39:20',12000.00,8,20,1),(68,'2026-04-19 07:41:32',1750.00,3,20,1),(69,'2026-04-19 07:50:31',35700.00,7,20,1),(70,'2026-04-19 07:53:46',10140.00,2,20,1),(71,'2026-04-19 08:14:33',22000.00,8,20,1),(72,'2026-04-19 08:19:33',19500.00,4,20,4),(73,'2026-04-19 08:36:38',35000.00,14,20,2),(74,'2026-04-19 08:28:32',1225.00,3,20,4),(75,'2026-04-19 08:35:19',590.00,5,20,4),(76,'2026-04-19 08:43:46',12000.00,1,20,4),(77,'2026-04-20 08:11:26',4800.00,1,20,2),(78,'2026-04-20 11:44:53',17500.00,14,20,4),(79,'2026-04-20 13:26:59',950.00,3,20,4),(80,'2026-04-21 06:31:32',6250.00,11,20,4),(81,'2026-04-21 18:15:00',270000.00,13,20,4),(82,'2026-04-23 15:30:54',950.00,5,24,4),(83,'2026-04-24 17:21:18',14500.00,7,20,4),(84,'2026-04-26 09:07:19',4600.00,8,20,4),(85,'2026-04-26 09:42:31',950.00,3,20,2),(86,'2026-04-26 16:19:34',2000.00,2,20,4),(87,'2026-05-01 06:26:01',945000.00,14,20,4),(88,'2026-05-02 06:57:15',18915.00,5,20,4),(89,'2026-05-03 07:37:45',42600.00,13,21,4),(90,'2026-05-03 07:53:48',5450.00,7,21,4),(91,'2026-05-03 10:23:08',6200.00,9,21,4),(92,'2026-05-03 10:24:25',570.00,3,21,4),(93,'2026-05-03 10:57:45',6850.00,8,21,4);
/*!40000 ALTER TABLE `purchase_order` ENABLE KEYS */;
UNLOCK TABLES;

--
-- Table structure for table `purchase_order_item`
--

DROP TABLE IF EXISTS `purchase_order_item`;
/*!40101 SET @saved_cs_client     = @@character_set_client */;
/*!50503 SET character_set_client = utf8mb4 */;
CREATE TABLE `purchase_order_item` (
  `id` int NOT NULL AUTO_INCREMENT,
  `quantity` int DEFAULT NULL,
  `expected_price` decimal(10,2) DEFAULT NULL,
  `purchase_order_id` int NOT NULL,
  `item_id` int NOT NULL,
  PRIMARY KEY (`id`),
  KEY `fk_purchase_order_item_purchase_order1_idx` (`purchase_order_id`),
  KEY `fk_purchase_order_item_item1_idx` (`item_id`),
  CONSTRAINT `fk_purchase_order_item_item1` FOREIGN KEY (`item_id`) REFERENCES `item` (`id`),
  CONSTRAINT `fk_purchase_order_item_purchase_order1` FOREIGN KEY (`purchase_order_id`) REFERENCES `purchase_order` (`id`)
) ENGINE=InnoDB AUTO_INCREMENT=200 DEFAULT CHARSET=utf8mb4 COLLATE=utf8mb4_0900_ai_ci;
/*!40101 SET character_set_client = @saved_cs_client */;

--
-- Dumping data for table `purchase_order_item`
--

LOCK TABLES `purchase_order_item` WRITE;
/*!40000 ALTER TABLE `purchase_order_item` DISABLE KEYS */;
INSERT INTO `purchase_order_item` VALUES (1,50,1580.00,1,1),(2,40,1710.00,1,2),(3,50,1290.00,2,3),(4,40,1220.00,2,4),(5,100,98.00,3,14),(6,100,94.00,3,15),(7,80,110.00,3,18),(8,100,106.00,4,16),(9,80,118.00,4,17),(10,80,98.00,4,67),(11,40,810.00,5,24),(12,40,710.00,5,25),(13,30,395.00,5,33),(14,50,215.00,5,38),(15,40,172.00,5,45),(16,120,72.00,5,53),(17,40,480.00,6,56),(18,40,435.00,6,57),(19,100,46.00,6,58),(20,100,78.00,6,61),(21,50,255.00,6,62),(22,60,168.00,6,63),(23,100,70.00,6,64),(24,40,295.00,6,47),(25,70,118.00,7,26),(26,120,146.00,7,29),(27,60,205.00,7,49),(28,100,78.00,7,21),(29,20,420.00,7,66),(30,40,270.00,8,30),(31,40,258.00,8,31),(32,30,780.00,8,32),(33,30,720.00,8,34),(34,60,68.00,8,35),(35,20,430.00,8,36),(36,30,1580.00,9,1),(37,30,1290.00,9,3),(38,60,210.00,9,6),(39,60,198.00,9,7),(40,50,420.00,9,10),(41,40,185.00,9,11),(42,35,162.00,9,12),(43,80,38.00,9,43),(44,60,78.00,10,40),(45,60,105.00,10,41),(46,60,120.00,10,42),(47,35,135.00,10,44),(48,80,98.00,11,14),(49,80,94.00,11,15),(50,70,110.00,11,18),(51,30,810.00,12,24),(52,30,710.00,12,25),(53,80,72.00,12,53),(54,50,162.00,12,19),(55,25,510.00,13,70),(56,25,460.00,13,72),(57,20,595.00,13,71),(58,30,480.00,14,56),(59,35,435.00,14,57),(60,40,198.00,14,60),(61,25,330.00,14,59),(62,60,1580.00,15,1),(63,50,1710.00,15,2),(64,40,270.00,16,30),(65,50,68.00,16,35),(66,15,430.00,16,36),(67,25,465.00,17,20),(68,60,248.00,17,27),(69,60,238.00,17,28),(70,40,510.00,17,46),(71,40,485.00,17,48),(72,70,106.00,18,16),(73,60,118.00,18,17),(74,70,98.00,18,67),(75,60,1290.00,19,3),(76,50,1220.00,19,4),(77,40,155.00,19,5),(78,50,210.00,20,6),(79,60,420.00,20,10),(80,80,38.00,20,43),(81,50,100.00,20,55),(82,60,122.00,20,54),(83,80,98.00,21,14),(84,80,94.00,21,15),(85,30,810.00,22,24),(86,80,72.00,22,53),(87,20,510.00,23,70),(88,20,460.00,23,72),(89,30,480.00,24,56),(90,80,78.00,24,61),(91,70,1580.00,25,1),(92,60,1710.00,25,2),(93,60,118.00,26,26),(94,50,205.00,26,49),(95,40,270.00,27,30),(96,60,68.00,27,35),(97,50,210.00,28,6),(98,60,420.00,28,10),(99,60,1290.00,29,3),(100,50,1220.00,29,4),(101,50,78.00,30,40),(102,50,105.00,30,41),(103,80,1580.00,31,1),(104,70,1710.00,31,2),(105,40,810.00,32,24),(106,40,710.00,32,25),(107,100,72.00,32,53),(108,50,162.00,32,19),(109,40,480.00,33,56),(110,40,435.00,33,57),(111,80,78.00,33,61),(112,60,70.00,33,64),(113,80,1580.00,34,1),(114,60,1290.00,34,3),(115,80,420.00,34,10),(116,100,38.00,34,43),(117,70,210.00,34,6),(118,80,106.00,35,16),(119,70,118.00,35,17),(120,80,98.00,35,67),(121,50,270.00,36,30),(122,40,68.00,36,35),(123,30,510.00,37,70),(124,30,460.00,37,72),(125,25,595.00,37,71),(128,70,1290.00,39,3),(129,60,1220.00,39,4),(130,50,155.00,39,5),(131,80,118.00,40,26),(132,60,205.00,40,49),(133,30,420.00,40,66),(134,25,175.00,45,29),(135,5,95.00,45,21),(138,50,595.00,47,70),(139,20,545.00,47,72),(140,10,120.00,48,14),(141,100,95.00,49,40),(142,50,145.00,49,42),(143,10,95.00,50,21),(144,20,175.00,50,29),(145,100,1420.00,51,3),(146,10,195.00,52,63),(147,120,545.00,53,72),(148,25,890.00,54,24),(155,100,120.00,60,14),(156,5,145.00,61,54),(157,9,120.00,61,55),(158,10,120.00,61,39),(159,20,680.00,61,37),(160,78,85.00,62,64),(161,60,145.00,63,17),(162,20,130.00,63,16),(163,80,310.00,64,30),(164,20,895.00,64,32),(165,20,295.00,65,62),(166,50,195.00,65,63),(167,50,95.00,66,21),(168,100,175.00,66,29),(169,100,120.00,67,55),(170,10,175.00,68,29),(171,60,595.00,69,46),(172,78,130.00,70,16),(173,100,220.00,71,11),(174,100,195.00,72,19),(175,20,1750.00,73,1),(176,7,175.00,74,29),(177,2,295.00,75,62),(178,100,120.00,76,14),(179,40,120.00,77,14),(180,10,1750.00,78,1),(181,10,95.00,79,21),(182,50,125.00,80,41),(183,200,1350.00,81,4),(184,10,95.00,82,61),(185,100,145.00,83,69),(186,20,230.00,84,7),(187,10,95.00,85,21),(188,5,130.00,86,16),(189,5,145.00,86,17),(190,5,125.00,86,67),(191,500,1890.00,87,2),(192,97,195.00,88,63),(193,30,1420.00,89,3),(194,10,545.00,90,20),(195,20,310.00,91,30),(196,6,95.00,92,21),(197,10,195.00,93,51),(198,10,315.00,93,23),(199,10,175.00,93,13);
/*!40000 ALTER TABLE `purchase_order_item` ENABLE KEYS */;
UNLOCK TABLES;

--
-- Table structure for table `sale`
--

DROP TABLE IF EXISTS `sale`;
/*!40101 SET @saved_cs_client     = @@character_set_client */;
/*!50503 SET character_set_client = utf8mb4 */;
CREATE TABLE `sale` (
  `id` int NOT NULL AUTO_INCREMENT,
  `user_id` int NOT NULL,
  `customer_id` int NOT NULL,
  `sale_date` datetime DEFAULT CURRENT_TIMESTAMP,
  `total_amount` decimal(12,2) DEFAULT NULL,
  PRIMARY KEY (`id`),
  KEY `user_id` (`user_id`),
  KEY `fk_sale_customer1_idx` (`customer_id`),
  CONSTRAINT `fk_sale_customer1` FOREIGN KEY (`customer_id`) REFERENCES `customer` (`id`),
  CONSTRAINT `sale_ibfk_1` FOREIGN KEY (`user_id`) REFERENCES `user` (`id`)
) ENGINE=InnoDB AUTO_INCREMENT=108 DEFAULT CHARSET=utf8mb4 COLLATE=utf8mb4_0900_ai_ci;
/*!40101 SET character_set_client = @saved_cs_client */;

--
-- Dumping data for table `sale`
--

LOCK TABLES `sale` WRITE;
/*!40000 ALTER TABLE `sale` DISABLE KEYS */;
INSERT INTO `sale` VALUES (1,6,1,'2023-01-28 09:15:00',2450.00),(2,7,2,'2023-01-28 10:30:00',1890.00),(3,8,3,'2023-01-28 11:45:00',3250.00),(4,9,4,'2023-01-28 14:00:00',1120.00),(5,11,5,'2023-01-28 16:30:00',4580.00),(6,6,6,'2023-01-29 09:30:00',2980.00),(7,7,7,'2023-01-29 11:00:00',1650.00),(8,8,8,'2023-01-29 13:00:00',3870.00),(9,9,9,'2023-01-29 15:30:00',2340.00),(10,11,10,'2023-01-29 17:00:00',1890.00),(11,6,11,'2023-01-30 09:00:00',5600.00),(12,7,12,'2023-01-30 10:45:00',3420.00),(13,8,13,'2023-01-30 12:30:00',2180.00),(14,9,14,'2023-01-30 14:30:00',4760.00),(15,11,15,'2023-01-30 16:00:00',1340.00),(16,6,16,'2023-01-31 09:15:00',6890.00),(17,7,17,'2023-01-31 11:00:00',2560.00),(18,8,18,'2023-01-31 13:30:00',3750.00),(19,9,19,'2023-01-31 15:00:00',1980.00),(20,11,20,'2023-01-31 17:30:00',4230.00),(21,6,1,'2023-02-02 09:20:00',3540.00),(22,7,3,'2023-02-02 11:30:00',2110.00),(23,8,5,'2023-02-02 14:00:00',5890.00),(24,9,7,'2023-02-03 09:00:00',1670.00),(25,11,9,'2023-02-03 10:45:00',4230.00),(26,6,11,'2023-02-04 09:30:00',2890.00),(27,7,13,'2023-02-04 12:00:00',3450.00),(28,8,15,'2023-02-05 09:00:00',1980.00),(29,9,17,'2023-02-06 11:00:00',6720.00),(30,11,19,'2023-02-07 14:30:00',2340.00),(31,6,21,'2023-02-08 09:00:00',3870.00),(32,7,23,'2023-02-09 11:00:00',1560.00),(33,8,25,'2023-02-10 13:00:00',4890.00),(34,9,27,'2023-02-11 10:00:00',2230.00),(35,11,29,'2023-02-12 15:00:00',5670.00),(36,6,2,'2023-02-13 09:30:00',3120.00),(37,7,4,'2023-02-14 12:00:00',7650.00),(38,8,6,'2023-02-15 09:00:00',4450.00),(39,9,8,'2023-02-16 11:30:00',2780.00),(40,11,10,'2023-02-17 14:00:00',3560.00),(41,6,12,'2023-03-01 09:00:00',4560.00),(42,7,14,'2023-03-02 10:30:00',3890.00),(43,8,16,'2023-03-03 12:00:00',5230.00),(44,9,18,'2023-03-04 09:30:00',2670.00),(45,11,20,'2023-03-05 11:00:00',6780.00),(46,6,22,'2023-03-06 09:00:00',4120.00),(47,7,24,'2023-03-07 14:00:00',3450.00),(48,8,26,'2023-03-08 10:00:00',7890.00),(49,9,28,'2023-03-09 12:30:00',2340.00),(50,11,30,'2023-03-10 15:00:00',5670.00),(51,6,1,'2023-03-11 09:00:00',4230.00),(52,7,3,'2023-03-12 11:00:00',3120.00),(53,8,5,'2023-03-13 13:00:00',8900.00),(54,9,7,'2023-03-14 09:30:00',5670.00),(55,11,9,'2023-03-15 12:00:00',6450.00),(56,6,11,'2023-03-16 10:00:00',3890.00),(57,7,13,'2023-03-17 14:30:00',4560.00),(58,8,15,'2023-03-18 09:00:00',7230.00),(59,9,17,'2023-03-19 11:30:00',5120.00),(60,11,19,'2023-03-20 16:00:00',6780.00),(61,20,1,'2026-04-17 04:54:14',38485.00),(62,20,1,'2026-04-17 04:54:56',1790.00),(63,20,1,'2026-04-17 04:59:09',18900.00),(64,20,1,'2026-04-17 05:09:44',106500.00),(65,20,1,'2026-04-17 05:10:26',20825.00),(66,20,1,'2026-04-19 08:17:09',1100.00),(67,20,1,'2026-04-21 16:36:45',1750.00),(68,22,1,'2026-04-21 17:54:29',8050.00),(69,20,1,'2026-04-21 18:16:22',39150.00),(70,20,1,'2026-04-22 15:31:41',21000.00),(71,20,1,'2026-04-23 15:27:10',960.00),(72,22,1,'2026-04-23 15:29:37',19250.00),(73,20,1,'2026-04-23 16:20:34',10810.00),(74,20,1,'2026-04-24 15:59:22',173250.00),(75,20,1,'2026-04-24 16:00:19',13640.00),(76,20,1,'2026-04-24 16:30:16',6205.00),(77,20,1,'2026-04-26 06:46:42',39760.00),(78,20,1,'2026-04-26 07:09:15',20165.00),(79,21,1,'2026-04-26 18:56:50',2240.00),(80,21,1,'2026-04-26 19:11:14',2340.00),(81,21,1,'2026-04-26 19:12:01',195.00),(82,20,1,'2026-04-27 09:46:53',460.00),(83,20,1,'2026-04-27 09:51:25',49230.00),(84,20,1,'2026-05-02 08:08:28',14850.00),(85,20,1,'2026-05-02 11:32:17',2205.00),(86,21,1,'2026-05-03 07:53:26',1635.00),(87,21,1,'2026-05-03 14:26:52',2770.00),(88,21,1,'2026-05-03 14:27:11',1350.00),(89,21,31,'2026-05-03 14:30:24',5470.00),(90,21,1,'2026-05-03 14:38:41',1350.00),(91,21,1,'2026-05-03 14:46:12',3310.00),(92,21,31,'2026-05-03 14:55:48',2875.00),(93,21,1,'2026-05-03 14:58:00',230.00),(94,21,1,'2026-05-03 15:02:23',245.00),(95,21,1,'2026-05-03 15:04:48',230.00),(96,21,1,'2026-05-03 15:13:22',1350.00),(97,21,1,'2026-05-03 15:20:12',3555.00),(98,20,1,'2026-05-03 15:33:22',1350.00),(99,20,1,'2026-05-03 15:35:03',195.00),(100,20,31,'2026-05-03 15:38:31',1890.00),(101,20,1,'2026-05-03 15:41:30',1420.00),(102,20,31,'2026-05-03 15:43:00',3270.00),(103,20,31,'2026-05-03 15:54:31',2770.00),(104,20,1,'2026-05-03 18:29:43',460.00),(105,20,31,'2026-05-03 18:44:55',5680.00),(106,20,31,'2026-05-03 19:38:56',7070.00),(107,20,31,'2026-05-04 17:33:18',2530.00);
/*!40000 ALTER TABLE `sale` ENABLE KEYS */;
UNLOCK TABLES;

--
-- Table structure for table `sale_item`
--

DROP TABLE IF EXISTS `sale_item`;
/*!40101 SET @saved_cs_client     = @@character_set_client */;
/*!50503 SET character_set_client = utf8mb4 */;
CREATE TABLE `sale_item` (
  `id` int NOT NULL AUTO_INCREMENT,
  `sale_id` int NOT NULL,
  `item_id` int NOT NULL,
  `quantity` int NOT NULL,
  `selling_price` decimal(10,2) NOT NULL,
  PRIMARY KEY (`id`),
  KEY `sale_id` (`sale_id`),
  KEY `item_id` (`item_id`),
  CONSTRAINT `sale_item_ibfk_1` FOREIGN KEY (`sale_id`) REFERENCES `sale` (`id`),
  CONSTRAINT `sale_item_ibfk_2` FOREIGN KEY (`item_id`) REFERENCES `item` (`id`)
) ENGINE=InnoDB AUTO_INCREMENT=436 DEFAULT CHARSET=utf8mb4 COLLATE=utf8mb4_0900_ai_ci;
/*!40101 SET character_set_client = @saved_cs_client */;

--
-- Dumping data for table `sale_item`
--

LOCK TABLES `sale_item` WRITE;
/*!40000 ALTER TABLE `sale_item` DISABLE KEYS */;
INSERT INTO `sale_item` VALUES (1,1,1,1,1750.00),(2,1,14,2,120.00),(3,1,43,1,45.00),(4,1,22,1,425.00),(5,2,53,3,85.00),(6,2,61,2,95.00),(7,2,58,2,55.00),(8,2,30,1,310.00),(9,2,43,1,45.00),(10,2,40,1,95.00),(11,3,1,1,1750.00),(12,3,24,1,890.00),(13,3,15,1,115.00),(14,3,35,2,85.00),(15,3,64,2,85.00),(16,4,53,2,85.00),(17,4,43,1,45.00),(18,4,41,1,125.00),(19,4,42,1,145.00),(20,4,14,1,120.00),(21,4,31,1,295.00),(22,4,44,1,165.00),(23,5,2,1,1890.00),(24,5,10,1,485.00),(25,5,46,1,595.00),(26,5,56,1,545.00),(27,5,22,1,425.00),(28,5,63,1,195.00),(29,6,3,1,1420.00),(30,6,49,2,245.00),(31,6,16,1,130.00),(32,6,31,1,295.00),(33,6,40,1,95.00),(34,7,53,4,85.00),(35,7,14,1,120.00),(36,7,43,1,45.00),(37,7,41,1,125.00),(38,7,42,1,145.00),(39,7,27,1,295.00),(40,8,1,1,1750.00),(41,8,24,1,890.00),(42,8,61,2,95.00),(43,8,64,2,85.00),(44,8,58,2,55.00),(45,8,45,1,195.00),(46,8,38,1,245.00),(47,8,39,1,120.00),(48,9,53,2,85.00),(49,9,16,2,130.00),(50,9,31,1,295.00),(51,9,40,1,95.00),(52,9,41,1,125.00),(53,9,42,1,145.00),(54,9,43,2,45.00),(55,10,23,1,315.00),(56,10,49,2,245.00),(57,10,53,2,85.00),(58,10,14,2,120.00),(59,10,43,1,45.00),(60,11,1,1,1750.00),(61,11,2,1,1890.00),(62,11,10,1,485.00),(63,11,24,1,890.00),(64,11,46,1,595.00),(65,12,53,3,85.00),(66,12,17,2,145.00),(67,12,62,1,295.00),(68,12,63,1,195.00),(69,12,35,2,85.00),(70,12,30,1,310.00),(71,12,38,1,245.00),(72,13,49,2,245.00),(73,13,51,2,195.00),(74,13,14,1,120.00),(75,13,22,1,425.00),(76,13,43,1,45.00),(77,13,41,1,125.00),(78,14,3,1,1420.00),(79,14,46,1,595.00),(80,14,24,1,890.00),(81,14,10,1,485.00),(82,14,56,1,545.00),(83,14,58,2,55.00),(84,15,53,2,85.00),(85,15,15,2,115.00),(86,15,43,1,45.00),(87,15,68,1,75.00),(88,15,40,1,95.00),(89,16,1,1,1750.00),(90,16,2,1,1890.00),(91,16,10,1,485.00),(92,16,24,1,890.00),(93,16,46,1,595.00),(94,16,56,1,545.00),(95,16,62,1,295.00),(96,16,63,1,195.00),(97,17,53,3,85.00),(98,17,14,2,120.00),(99,17,31,1,295.00),(100,17,41,1,125.00),(101,17,43,2,45.00),(102,17,27,1,295.00),(103,18,49,3,245.00),(104,18,22,1,425.00),(105,18,35,2,85.00),(106,18,38,1,245.00),(107,18,14,1,120.00),(108,18,53,2,85.00),(109,18,43,1,45.00),(110,19,16,2,130.00),(111,19,17,1,145.00),(112,19,30,1,310.00),(113,19,40,1,95.00),(114,19,41,1,125.00),(115,19,43,1,45.00),(116,19,53,2,85.00),(117,20,4,1,1350.00),(118,20,46,1,595.00),(119,20,10,1,485.00),(120,20,22,1,425.00),(121,20,58,2,55.00),(122,20,61,2,95.00),(123,20,39,1,120.00),(124,20,43,1,45.00),(125,21,1,1,1750.00),(126,21,11,1,220.00),(127,21,46,1,595.00),(128,21,22,1,425.00),(129,21,53,2,85.00),(130,21,43,1,45.00),(131,22,53,3,85.00),(132,22,14,1,120.00),(133,22,31,1,295.00),(134,22,40,1,95.00),(135,22,42,1,145.00),(136,22,64,2,85.00),(137,23,2,1,1890.00),(138,23,24,1,890.00),(139,23,46,1,595.00),(140,23,10,1,485.00),(141,23,56,1,545.00),(142,23,70,1,595.00),(143,24,53,2,85.00),(144,24,15,2,115.00),(145,24,43,1,45.00),(146,24,41,1,125.00),(147,24,31,1,295.00),(148,25,3,1,1420.00),(149,25,46,1,595.00),(150,25,24,1,890.00),(151,25,10,1,485.00),(152,25,56,1,545.00),(153,25,62,1,295.00),(154,26,49,2,245.00),(155,26,22,1,425.00),(156,26,38,1,245.00),(157,26,35,2,85.00),(158,26,43,1,45.00),(159,26,53,2,85.00),(160,27,1,1,1750.00),(161,27,46,1,595.00),(162,27,10,1,485.00),(163,27,22,1,425.00),(164,27,58,2,55.00),(165,27,43,1,45.00),(166,28,53,2,85.00),(167,28,14,1,120.00),(168,28,31,1,295.00),(169,28,41,1,125.00),(170,28,43,1,45.00),(171,28,27,1,295.00),(172,29,2,1,1890.00),(173,29,70,1,595.00),(174,29,46,1,595.00),(175,29,24,1,890.00),(176,29,62,1,295.00),(177,29,56,1,545.00),(178,29,63,1,195.00),(179,30,53,3,85.00),(180,30,14,2,120.00),(181,30,31,1,295.00),(182,30,40,1,95.00),(183,30,41,1,125.00),(184,31,1,1,1750.00),(185,31,46,1,595.00),(186,31,24,1,890.00),(187,31,10,1,485.00),(188,31,56,1,545.00),(189,32,53,2,85.00),(190,32,16,2,130.00),(191,32,31,1,295.00),(192,32,40,1,95.00),(193,32,43,1,45.00),(194,32,27,1,295.00),(195,33,2,1,1890.00),(196,33,70,1,595.00),(197,33,46,1,595.00),(198,33,24,1,890.00),(199,33,62,1,295.00),(200,33,56,1,545.00),(201,33,22,1,425.00),(202,34,53,2,85.00),(203,34,14,2,120.00),(204,34,49,2,245.00),(205,34,43,1,45.00),(206,34,40,1,95.00),(207,34,41,1,125.00),(208,35,3,1,1420.00),(209,35,46,1,595.00),(210,35,24,1,890.00),(211,35,56,1,545.00),(212,35,10,1,485.00),(213,35,63,1,195.00),(214,35,62,1,295.00),(215,36,1,1,1750.00),(216,36,22,1,425.00),(217,36,10,1,485.00),(218,36,58,2,55.00),(219,36,35,2,85.00),(220,36,43,1,45.00),(221,37,2,1,1890.00),(222,37,24,1,890.00),(223,37,46,1,595.00),(224,37,10,1,485.00),(225,37,70,1,595.00),(226,37,56,1,545.00),(227,37,62,1,295.00),(228,37,63,1,195.00),(229,38,3,1,1420.00),(230,38,22,1,425.00),(231,38,46,1,595.00),(232,38,56,1,545.00),(233,38,10,1,485.00),(234,38,63,1,195.00),(235,39,53,3,85.00),(236,39,14,2,120.00),(237,39,31,1,295.00),(238,39,41,1,125.00),(239,39,43,2,45.00),(240,40,1,1,1750.00),(241,40,10,1,485.00),(242,40,22,1,425.00),(243,40,46,1,595.00),(244,40,35,2,85.00),(245,41,1,1,1750.00),(246,41,10,1,485.00),(247,41,46,1,595.00),(248,41,22,1,425.00),(249,41,67,2,125.00),(250,42,2,1,1890.00),(251,42,24,1,890.00),(252,42,10,1,485.00),(253,42,46,1,595.00),(254,42,22,1,425.00),(255,43,3,1,1420.00),(256,43,46,1,595.00),(257,43,24,1,890.00),(258,43,56,1,545.00),(259,43,10,1,485.00),(260,43,62,1,295.00),(261,44,53,2,85.00),(262,44,14,2,120.00),(263,44,31,1,295.00),(264,44,43,2,45.00),(265,44,40,1,95.00),(266,45,1,1,1750.00),(267,45,2,1,1890.00),(268,45,10,1,485.00),(269,45,46,1,595.00),(270,45,22,1,425.00),(271,45,62,1,295.00),(272,46,3,1,1420.00),(273,46,46,1,595.00),(274,46,24,1,890.00),(275,46,10,1,485.00),(276,46,56,1,545.00),(277,46,22,1,425.00),(278,47,1,1,1750.00),(279,47,10,1,485.00),(280,47,46,1,595.00),(281,47,22,1,425.00),(282,47,35,2,85.00),(283,48,2,1,1890.00),(284,48,24,1,890.00),(285,48,46,1,595.00),(286,48,10,1,485.00),(287,48,56,1,545.00),(288,48,62,1,295.00),(289,48,63,1,195.00),(290,48,70,1,595.00),(291,49,53,2,85.00),(292,49,14,2,120.00),(293,49,31,1,295.00),(294,49,43,1,45.00),(295,50,3,1,1420.00),(296,50,46,1,595.00),(297,50,24,1,890.00),(298,50,56,1,545.00),(299,50,62,1,295.00),(300,50,63,1,195.00),(301,51,1,1,1750.00),(302,51,10,1,485.00),(303,51,46,1,595.00),(304,51,22,1,425.00),(305,51,67,2,125.00),(306,52,3,1,1420.00),(307,52,46,1,595.00),(308,52,56,1,545.00),(309,52,22,1,425.00),(310,52,43,1,45.00),(311,53,1,1,1750.00),(312,53,2,1,1890.00),(313,53,10,1,485.00),(314,53,46,1,595.00),(315,53,24,1,890.00),(316,53,56,1,545.00),(317,53,22,1,425.00),(318,53,62,1,295.00),(319,54,2,1,1890.00),(320,54,24,1,890.00),(321,54,46,1,595.00),(322,54,10,1,485.00),(323,54,56,1,545.00),(324,54,63,1,195.00),(325,55,3,1,1420.00),(326,55,46,1,595.00),(327,55,24,1,890.00),(328,55,10,1,485.00),(329,55,56,1,545.00),(330,55,22,1,425.00),(331,55,62,1,295.00),(332,56,1,1,1750.00),(333,56,10,1,485.00),(334,56,22,1,425.00),(335,56,35,2,85.00),(336,56,46,1,595.00),(337,57,3,1,1420.00),(338,57,24,1,890.00),(339,57,46,1,595.00),(340,57,10,1,485.00),(341,57,22,1,425.00),(342,57,56,1,545.00),(343,58,1,1,1750.00),(344,58,2,1,1890.00),(345,58,24,1,890.00),(346,58,10,1,485.00),(347,58,46,1,595.00),(348,58,56,1,545.00),(349,58,62,1,295.00),(350,59,3,1,1420.00),(351,59,46,1,595.00),(352,59,24,1,890.00),(353,59,10,1,485.00),(354,59,56,1,545.00),(355,59,22,1,425.00),(356,60,1,1,1750.00),(357,60,2,1,1890.00),(358,60,10,1,485.00),(359,60,46,1,595.00),(360,60,24,1,890.00),(361,60,22,1,425.00),(362,60,62,1,295.00),(363,60,56,1,545.00),(364,61,32,43,895.00),(365,62,32,2,895.00),(366,63,2,10,1890.00),(367,64,3,75,1420.00),(368,65,70,35,595.00),(369,66,11,5,220.00),(370,67,1,1,1750.00),(371,68,7,35,230.00),(372,69,4,29,1350.00),(373,70,1,12,1750.00),(374,71,8,6,160.00),(375,72,1,11,1750.00),(376,73,7,47,230.00),(377,74,1,99,1750.00),(378,75,30,44,310.00),(379,76,35,73,85.00),(380,77,8,30,160.00),(381,77,1,14,1750.00),(382,77,10,16,485.00),(383,77,4,2,1350.00),(384,78,20,37,545.00),(385,79,8,14,160.00),(386,80,9,9,260.00),(387,81,12,1,195.00),(388,82,7,2,230.00),(389,83,1,28,1750.00),(390,83,7,1,230.00),(391,84,4,11,1350.00),(392,85,6,9,245.00),(393,86,20,3,545.00),(394,87,4,1,1350.00),(395,87,3,1,1420.00),(396,88,4,1,1350.00),(397,89,4,3,1350.00),(398,89,3,1,1420.00),(399,90,4,1,1350.00),(400,91,3,1,1420.00),(401,91,2,1,1890.00),(402,92,10,1,485.00),(403,92,9,1,260.00),(404,92,12,1,195.00),(405,92,5,1,185.00),(406,92,1,1,1750.00),(407,93,7,1,230.00),(408,94,6,1,245.00),(409,95,7,1,230.00),(410,96,4,1,1350.00),(411,97,3,1,1420.00),(412,97,2,1,1890.00),(413,97,6,1,245.00),(414,98,4,1,1350.00),(415,99,12,1,195.00),(416,100,2,1,1890.00),(417,101,3,1,1420.00),(418,102,2,1,1890.00),(419,102,5,1,185.00),(420,102,7,1,230.00),(421,102,11,1,220.00),(422,102,10,1,485.00),(423,102,9,1,260.00),(424,103,4,1,1350.00),(425,103,3,1,1420.00),(426,104,7,2,230.00),(427,105,3,4,1420.00),(428,106,1,1,1750.00),(429,106,2,1,1890.00),(430,106,3,1,1420.00),(431,106,4,1,1350.00),(432,106,7,1,230.00),(433,106,6,1,245.00),(434,106,5,1,185.00),(435,107,7,11,230.00);
/*!40000 ALTER TABLE `sale_item` ENABLE KEYS */;
UNLOCK TABLES;

--
-- Table structure for table `stock_adjustment`
--

DROP TABLE IF EXISTS `stock_adjustment`;
/*!40101 SET @saved_cs_client     = @@character_set_client */;
/*!50503 SET character_set_client = utf8mb4 */;
CREATE TABLE `stock_adjustment` (
  `id` int NOT NULL AUTO_INCREMENT,
  `item_id` int NOT NULL,
  `quantity` int NOT NULL,
  `reason` varchar(255) DEFAULT NULL,
  `user_id` int DEFAULT NULL,
  `created_at` timestamp NULL DEFAULT CURRENT_TIMESTAMP,
  PRIMARY KEY (`id`),
  KEY `item_id` (`item_id`),
  KEY `user_id` (`user_id`),
  CONSTRAINT `stock_adjustment_ibfk_1` FOREIGN KEY (`item_id`) REFERENCES `item` (`id`),
  CONSTRAINT `stock_adjustment_ibfk_2` FOREIGN KEY (`user_id`) REFERENCES `user` (`id`)
) ENGINE=InnoDB AUTO_INCREMENT=28 DEFAULT CHARSET=utf8mb4 COLLATE=utf8mb4_0900_ai_ci;
/*!40101 SET character_set_client = @saved_cs_client */;

--
-- Dumping data for table `stock_adjustment`
--

LOCK TABLES `stock_adjustment` WRITE;
/*!40000 ALTER TABLE `stock_adjustment` DISABLE KEYS */;
INSERT INTO `stock_adjustment` VALUES (1,35,5,'Curd expired - removed from chiller. Batch received 28-Jan expired 03-Feb.',2,'2023-02-03 02:30:00'),(2,30,3,'Anchor Milk damaged - carton leakage during delivery from Lanka Dairies.',4,'2023-02-03 03:00:00'),(3,53,8,'Maggi Noodles packet torn - rodent damage found during stock count in dry goods store.',5,'2023-02-07 03:30:00'),(4,66,2,'Ice cream partially melted - power interruption of 3 hours due to load shedding on 08-Feb.',2,'2023-02-09 04:30:00'),(5,14,5,'Cream Crackers damp - water seepage into storeroom during heavy rain in February.',4,'2023-02-10 03:00:00'),(6,1,2,'Araliya Samba - 2 bags burst at seam during unloading. Stock written off.',5,'2023-02-14 03:30:00'),(7,49,3,'Elephant House Sardine cans dented beyond sale condition - returned batch noted.',2,'2023-02-16 04:30:00'),(8,70,2,'Keells Sausages - cold chain broken. Temp exceeded 8°C. Disposed per food safety.',3,'2023-02-20 02:30:00'),(9,31,4,'Rich Life Milk expired - slow-moving stock not rotated properly (FIFO failure).',4,'2023-02-25 03:00:00'),(10,67,3,'Ritzbury Chocolate - 3 units found with torn packaging. Cannot be sold.',5,'2023-02-25 03:30:00'),(11,15,4,'Maliban Marie soft due to improper storage near beverage section. Disposed.',4,'2023-03-02 03:00:00'),(12,72,1,'Keells Fish Fingers - 1 unit defrosted and refrozen. Unsafe for sale. Disposed.',2,'2023-03-05 03:30:00'),(13,43,6,'Salt bags torn - 6 units damaged by forklift in warehouse. Written off.',5,'2023-03-08 04:30:00'),(14,26,4,'Orange Barley bottles cracked - fell from top shelf during restocking.',4,'2023-03-12 03:30:00'),(15,40,3,'Turmeric powder moisture damage - store humidity control failure. Disposed.',5,'2023-03-18 03:00:00'),(16,1,20,'narakayy',20,'2026-04-22 14:48:14'),(17,5,10,'epaaa',20,'2026-04-22 14:49:56'),(18,1,19,'epp',20,'2026-04-22 15:21:25'),(19,1,38,'oonema naha',20,'2026-04-22 15:28:13'),(20,1,5,'epaa',20,'2026-04-22 15:29:59'),(21,2,-10,'hoda naha',20,'2026-04-23 14:37:11'),(22,7,-3,'narakaiii',20,'2026-04-23 18:08:55'),(23,52,-10,'Damaged item',20,'2026-04-24 15:31:43'),(24,18,-10,'Expired item',20,'2026-04-25 18:37:24'),(25,2,-12,'Damaged item',20,'2026-05-03 05:56:42'),(26,2,-200,'Damaged item',20,'2026-05-03 16:02:59'),(27,24,-10,'Expired item',20,'2026-05-03 18:00:15');
/*!40000 ALTER TABLE `stock_adjustment` ENABLE KEYS */;
UNLOCK TABLES;

--
-- Table structure for table `stock_movement`
--

DROP TABLE IF EXISTS `stock_movement`;
/*!40101 SET @saved_cs_client     = @@character_set_client */;
/*!50503 SET character_set_client = utf8mb4 */;
CREATE TABLE `stock_movement` (
  `id` int NOT NULL AUTO_INCREMENT,
  `item_id` int NOT NULL,
  `quantity` int NOT NULL,
  `grn_id` int DEFAULT NULL,
  `sale_id` int DEFAULT NULL,
  `stock_adjustment_id` int DEFAULT NULL,
  `user_id` int DEFAULT NULL,
  `created_at` timestamp NULL DEFAULT CURRENT_TIMESTAMP,
  `movement_type_id` int NOT NULL,
  PRIMARY KEY (`id`),
  KEY `item_id` (`item_id`),
  KEY `grn_id` (`grn_id`),
  KEY `sale_id` (`sale_id`),
  KEY `user_id` (`user_id`),
  KEY `fk_stock_movement_movement_type1_idx` (`movement_type_id`),
  KEY `fk_stock_movement_stock_adjustment1_idx` (`stock_adjustment_id`),
  CONSTRAINT `fk_stock_movement_movement_type1` FOREIGN KEY (`movement_type_id`) REFERENCES `movement_type` (`id`),
  CONSTRAINT `fk_stock_movement_stock_adjustment1` FOREIGN KEY (`stock_adjustment_id`) REFERENCES `stock_adjustment` (`id`),
  CONSTRAINT `stock_movement_ibfk_1` FOREIGN KEY (`item_id`) REFERENCES `item` (`id`),
  CONSTRAINT `stock_movement_ibfk_2` FOREIGN KEY (`grn_id`) REFERENCES `grn` (`id`),
  CONSTRAINT `stock_movement_ibfk_3` FOREIGN KEY (`sale_id`) REFERENCES `sale` (`id`),
  CONSTRAINT `stock_movement_ibfk_4` FOREIGN KEY (`user_id`) REFERENCES `user` (`id`)
) ENGINE=InnoDB AUTO_INCREMENT=266 DEFAULT CHARSET=utf8mb4 COLLATE=utf8mb4_0900_ai_ci;
/*!40101 SET character_set_client = @saved_cs_client */;

--
-- Dumping data for table `stock_movement`
--

LOCK TABLES `stock_movement` WRITE;
/*!40000 ALTER TABLE `stock_movement` DISABLE KEYS */;
INSERT INTO `stock_movement` VALUES (1,1,50,1,NULL,NULL,4,'2023-01-25 04:00:00',1),(2,2,40,1,NULL,NULL,4,'2023-01-25 04:05:00',1),(3,3,50,2,NULL,NULL,4,'2023-01-25 05:30:00',1),(4,4,40,2,NULL,NULL,4,'2023-01-25 05:35:00',1),(5,14,100,3,NULL,NULL,5,'2023-01-26 04:00:00',1),(6,15,100,3,NULL,NULL,5,'2023-01-26 04:05:00',1),(7,18,80,3,NULL,NULL,5,'2023-01-26 04:10:00',1),(8,16,100,4,NULL,NULL,5,'2023-01-26 06:00:00',1),(9,17,80,4,NULL,NULL,5,'2023-01-26 06:05:00',1),(10,67,80,4,NULL,NULL,5,'2023-01-26 06:10:00',1),(11,24,40,5,NULL,NULL,4,'2023-01-27 04:00:00',1),(12,25,40,5,NULL,NULL,4,'2023-01-27 04:05:00',1),(13,33,30,5,NULL,NULL,4,'2023-01-27 04:10:00',1),(14,38,50,5,NULL,NULL,4,'2023-01-27 04:15:00',1),(15,45,40,5,NULL,NULL,4,'2023-01-27 04:20:00',1),(16,53,120,5,NULL,NULL,4,'2023-01-27 04:25:00',1),(17,56,40,6,NULL,NULL,10,'2023-01-27 06:00:00',1),(18,57,40,6,NULL,NULL,10,'2023-01-27 06:05:00',1),(19,58,100,6,NULL,NULL,10,'2023-01-27 06:10:00',1),(20,61,100,6,NULL,NULL,10,'2023-01-27 06:15:00',1),(21,62,50,6,NULL,NULL,10,'2023-01-27 06:20:00',1),(22,63,60,6,NULL,NULL,10,'2023-01-27 06:25:00',1),(23,64,100,6,NULL,NULL,10,'2023-01-27 06:30:00',1),(24,47,40,6,NULL,NULL,10,'2023-01-27 06:35:00',1),(25,26,70,7,NULL,NULL,5,'2023-01-28 04:00:00',1),(26,29,120,7,NULL,NULL,5,'2023-01-28 04:05:00',1),(27,49,60,7,NULL,NULL,5,'2023-01-28 04:10:00',1),(28,21,100,7,NULL,NULL,5,'2023-01-28 04:15:00',1),(29,66,20,7,NULL,NULL,5,'2023-01-28 04:20:00',1),(30,30,40,8,NULL,NULL,5,'2023-01-28 06:00:00',1),(31,31,40,8,NULL,NULL,5,'2023-01-28 06:05:00',1),(32,32,30,8,NULL,NULL,5,'2023-01-28 06:10:00',1),(33,34,30,8,NULL,NULL,5,'2023-01-28 06:15:00',1),(34,35,60,8,NULL,NULL,5,'2023-01-28 06:20:00',1),(35,36,20,8,NULL,NULL,5,'2023-01-28 06:25:00',1),(36,1,30,9,NULL,NULL,4,'2023-01-30 04:00:00',1),(37,3,30,9,NULL,NULL,4,'2023-01-30 04:05:00',1),(38,6,60,9,NULL,NULL,4,'2023-01-30 04:10:00',1),(39,7,60,9,NULL,NULL,4,'2023-01-30 04:15:00',1),(40,10,50,9,NULL,NULL,4,'2023-01-30 04:20:00',1),(41,11,40,9,NULL,NULL,4,'2023-01-30 04:25:00',1),(42,12,35,9,NULL,NULL,4,'2023-01-30 04:30:00',1),(43,43,80,9,NULL,NULL,4,'2023-01-30 04:35:00',1),(44,40,60,10,NULL,NULL,5,'2023-01-30 06:00:00',1),(45,41,60,10,NULL,NULL,5,'2023-01-30 06:05:00',1),(46,42,60,10,NULL,NULL,5,'2023-01-30 06:10:00',1),(47,44,35,10,NULL,NULL,5,'2023-01-30 06:15:00',1),(48,1,1,NULL,1,NULL,6,'2023-01-28 03:45:00',2),(49,14,2,NULL,1,NULL,6,'2023-01-28 03:45:00',2),(50,43,1,NULL,1,NULL,6,'2023-01-28 03:45:00',2),(51,22,1,NULL,1,NULL,6,'2023-01-28 03:45:00',2),(52,53,3,NULL,2,NULL,7,'2023-01-28 05:00:00',2),(53,61,2,NULL,2,NULL,7,'2023-01-28 05:00:00',2),(54,58,2,NULL,2,NULL,7,'2023-01-28 05:00:00',2),(55,30,1,NULL,2,NULL,7,'2023-01-28 05:00:00',2),(56,43,1,NULL,2,NULL,7,'2023-01-28 05:00:00',2),(57,40,1,NULL,2,NULL,7,'2023-01-28 05:00:00',2),(58,1,1,NULL,3,NULL,8,'2023-01-28 06:15:00',2),(59,24,1,NULL,3,NULL,8,'2023-01-28 06:15:00',2),(60,15,1,NULL,3,NULL,8,'2023-01-28 06:15:00',2),(61,35,2,NULL,3,NULL,8,'2023-01-28 06:15:00',2),(62,64,2,NULL,3,NULL,8,'2023-01-28 06:15:00',2),(63,53,2,NULL,4,NULL,9,'2023-01-28 08:30:00',2),(64,43,1,NULL,4,NULL,9,'2023-01-28 08:30:00',2),(65,41,1,NULL,4,NULL,9,'2023-01-28 08:30:00',2),(66,42,1,NULL,4,NULL,9,'2023-01-28 08:30:00',2),(67,14,1,NULL,4,NULL,9,'2023-01-28 08:30:00',2),(68,31,1,NULL,4,NULL,9,'2023-01-28 08:30:00',2),(69,44,1,NULL,4,NULL,9,'2023-01-28 08:30:00',2),(70,2,1,NULL,5,NULL,11,'2023-01-28 11:00:00',2),(71,10,1,NULL,5,NULL,11,'2023-01-28 11:00:00',2),(72,46,1,NULL,5,NULL,11,'2023-01-28 11:00:00',2),(73,56,1,NULL,5,NULL,11,'2023-01-28 11:00:00',2),(74,22,1,NULL,5,NULL,11,'2023-01-28 11:00:00',2),(75,63,1,NULL,5,NULL,11,'2023-01-28 11:00:00',2),(76,3,1,NULL,6,NULL,6,'2023-01-29 04:00:00',2),(77,49,2,NULL,6,NULL,6,'2023-01-29 04:00:00',2),(78,16,1,NULL,6,NULL,6,'2023-01-29 04:00:00',2),(79,31,1,NULL,6,NULL,6,'2023-01-29 04:00:00',2),(80,40,1,NULL,6,NULL,6,'2023-01-29 04:00:00',2),(81,53,4,NULL,7,NULL,7,'2023-01-29 05:30:00',2),(82,14,1,NULL,7,NULL,7,'2023-01-29 05:30:00',2),(83,43,1,NULL,7,NULL,7,'2023-01-29 05:30:00',2),(84,41,1,NULL,7,NULL,7,'2023-01-29 05:30:00',2),(85,42,1,NULL,7,NULL,7,'2023-01-29 05:30:00',2),(86,27,1,NULL,7,NULL,7,'2023-01-29 05:30:00',2),(87,1,1,NULL,8,NULL,8,'2023-01-29 07:30:00',2),(88,24,1,NULL,8,NULL,8,'2023-01-29 07:30:00',2),(89,61,2,NULL,8,NULL,8,'2023-01-29 07:30:00',2),(90,64,2,NULL,8,NULL,8,'2023-01-29 07:30:00',2),(91,58,2,NULL,8,NULL,8,'2023-01-29 07:30:00',2),(92,45,1,NULL,8,NULL,8,'2023-01-29 07:30:00',2),(93,38,1,NULL,8,NULL,8,'2023-01-29 07:30:00',2),(94,39,1,NULL,8,NULL,8,'2023-01-29 07:30:00',2),(95,14,80,11,NULL,NULL,4,'2023-02-05 04:00:00',1),(96,15,80,11,NULL,NULL,4,'2023-02-05 04:05:00',1),(97,18,70,11,NULL,NULL,4,'2023-02-05 04:10:00',1),(98,24,30,12,NULL,NULL,5,'2023-02-06 04:00:00',1),(99,25,30,12,NULL,NULL,5,'2023-02-06 04:05:00',1),(100,53,80,12,NULL,NULL,5,'2023-02-06 04:10:00',1),(101,19,50,12,NULL,NULL,5,'2023-02-06 04:15:00',1),(102,70,25,13,NULL,NULL,10,'2023-02-08 04:00:00',1),(103,72,25,13,NULL,NULL,10,'2023-02-08 04:05:00',1),(104,71,20,13,NULL,NULL,10,'2023-02-08 04:10:00',1),(105,56,30,14,NULL,NULL,4,'2023-02-10 04:00:00',1),(106,57,35,14,NULL,NULL,4,'2023-02-10 04:05:00',1),(107,60,40,14,NULL,NULL,4,'2023-02-10 04:10:00',1),(108,59,25,14,NULL,NULL,4,'2023-02-10 04:15:00',1),(109,1,60,15,NULL,NULL,5,'2023-02-12 04:00:00',1),(110,2,50,15,NULL,NULL,5,'2023-02-12 04:05:00',1),(111,1,1,NULL,21,NULL,6,'2023-02-02 03:50:00',2),(112,11,1,NULL,21,NULL,6,'2023-02-02 03:50:00',2),(113,46,1,NULL,21,NULL,6,'2023-02-02 03:50:00',2),(114,22,1,NULL,21,NULL,6,'2023-02-02 03:50:00',2),(115,53,2,NULL,22,NULL,7,'2023-02-02 06:00:00',2),(116,14,1,NULL,22,NULL,7,'2023-02-02 06:00:00',2),(117,31,1,NULL,22,NULL,7,'2023-02-02 06:00:00',2),(118,40,1,NULL,22,NULL,7,'2023-02-02 06:00:00',2),(119,2,1,NULL,23,NULL,8,'2023-02-02 08:30:00',2),(120,24,1,NULL,23,NULL,8,'2023-02-02 08:30:00',2),(121,46,1,NULL,23,NULL,8,'2023-02-02 08:30:00',2),(122,10,1,NULL,23,NULL,8,'2023-02-02 08:30:00',2),(123,56,1,NULL,23,NULL,8,'2023-02-02 08:30:00',2),(124,70,1,NULL,23,NULL,8,'2023-02-02 08:30:00',2),(125,1,70,25,NULL,NULL,5,'2023-03-10 04:00:00',1),(126,2,60,25,NULL,NULL,5,'2023-03-10 04:05:00',1),(127,14,80,21,NULL,NULL,4,'2023-03-01 04:00:00',1),(128,15,80,21,NULL,NULL,4,'2023-03-01 04:05:00',1),(129,1,1,NULL,41,NULL,6,'2023-03-01 03:30:00',2),(130,10,1,NULL,41,NULL,6,'2023-03-01 03:30:00',2),(131,46,1,NULL,41,NULL,6,'2023-03-01 03:30:00',2),(132,22,1,NULL,41,NULL,6,'2023-03-01 03:30:00',2),(133,2,1,NULL,42,NULL,7,'2023-03-02 05:00:00',2),(134,24,1,NULL,42,NULL,7,'2023-03-02 05:00:00',2),(135,10,1,NULL,42,NULL,7,'2023-03-02 05:00:00',2),(136,46,1,NULL,42,NULL,7,'2023-03-02 05:00:00',2),(137,32,43,NULL,61,NULL,20,'2026-04-17 04:54:14',2),(138,32,2,NULL,62,NULL,20,'2026-04-17 04:54:56',2),(139,2,10,NULL,63,NULL,20,'2026-04-17 04:59:09',2),(140,3,75,NULL,64,NULL,20,'2026-04-17 05:09:45',2),(141,70,35,NULL,65,NULL,20,'2026-04-17 05:10:26',2),(142,11,50,58,NULL,NULL,20,'2026-04-19 08:14:43',1),(143,11,50,59,NULL,NULL,20,'2026-04-19 08:16:30',1),(144,11,5,NULL,66,NULL,20,'2026-04-19 08:17:09',2),(145,19,55,60,NULL,NULL,20,'2026-04-19 08:19:47',1),(146,1,15,61,NULL,NULL,20,'2026-04-19 08:25:07',1),(147,29,5,62,NULL,NULL,20,'2026-04-19 08:28:41',1),(148,29,2,63,NULL,NULL,20,'2026-04-19 08:29:34',1),(149,14,80,64,NULL,NULL,20,'2026-04-19 08:43:57',1),(150,14,20,65,NULL,NULL,20,'2026-04-19 08:44:03',1),(152,1,5,67,NULL,NULL,20,'2026-04-20 11:45:13',1),(153,1,5,68,NULL,NULL,20,'2026-04-20 12:06:59',1),(154,62,2,69,NULL,NULL,20,'2026-04-20 12:29:39',1),(155,21,4,70,NULL,NULL,20,'2026-04-20 13:27:50',1),(156,19,45,71,NULL,NULL,20,'2026-04-20 14:13:50',1),(157,21,4,72,NULL,NULL,20,'2026-04-20 14:17:00',1),(158,26,70,73,NULL,NULL,20,'2026-04-20 14:19:27',1),(159,29,120,73,NULL,NULL,20,'2026-04-20 14:19:27',1),(160,49,60,73,NULL,NULL,20,'2026-04-20 14:19:27',1),(161,21,100,73,NULL,NULL,20,'2026-04-20 14:19:27',1),(162,66,20,73,NULL,NULL,20,'2026-04-20 14:19:27',1),(163,21,2,74,NULL,NULL,20,'2026-04-21 06:18:43',1),(164,41,50,75,NULL,NULL,20,'2026-04-21 06:32:10',1),(165,1,1,NULL,67,NULL,20,'2026-04-21 16:36:45',2),(166,7,35,NULL,68,NULL,22,'2026-04-21 17:54:29',2),(167,4,200,76,NULL,NULL,20,'2026-04-21 18:15:05',1),(168,4,29,NULL,69,NULL,20,'2026-04-21 18:16:22',2),(169,1,20,NULL,NULL,16,20,'2026-04-22 14:48:14',3),(170,5,10,NULL,NULL,17,20,'2026-04-22 14:49:56',3),(171,1,19,NULL,NULL,18,20,'2026-04-22 15:21:25',3),(172,1,38,NULL,NULL,19,20,'2026-04-22 15:28:13',3),(173,1,5,NULL,NULL,20,20,'2026-04-22 15:29:59',3),(174,1,12,NULL,70,NULL,20,'2026-04-22 15:31:41',2),(175,2,-10,NULL,NULL,21,20,'2026-04-23 14:37:11',3),(176,8,6,NULL,71,NULL,20,'2026-04-23 15:27:10',2),(177,1,11,NULL,72,NULL,22,'2026-04-23 15:29:37',2),(178,61,10,77,NULL,NULL,24,'2026-04-23 15:31:26',1),(179,7,47,NULL,73,NULL,20,'2026-04-23 16:20:35',2),(180,7,-3,NULL,NULL,22,20,'2026-04-23 18:08:55',3),(181,52,-10,NULL,NULL,23,20,'2026-04-24 15:31:43',3),(182,1,99,NULL,74,NULL,20,'2026-04-24 15:59:22',2),(183,30,44,NULL,75,NULL,20,'2026-04-24 16:00:19',2),(184,35,73,NULL,76,NULL,20,'2026-04-24 16:30:16',2),(185,69,60,78,NULL,NULL,20,'2026-04-24 17:21:41',1),(186,18,-10,NULL,NULL,24,20,'2026-04-25 18:37:24',3),(187,8,30,NULL,77,NULL,20,'2026-04-26 06:46:42',2),(188,1,14,NULL,77,NULL,20,'2026-04-26 06:46:42',2),(189,10,16,NULL,77,NULL,20,'2026-04-26 06:46:42',2),(190,4,2,NULL,77,NULL,20,'2026-04-26 06:46:42',2),(191,20,37,NULL,78,NULL,20,'2026-04-26 07:09:15',2),(192,7,20,79,NULL,NULL,20,'2026-04-26 09:07:27',1),(193,16,5,80,NULL,NULL,20,'2026-04-26 16:19:48',1),(194,17,5,80,NULL,NULL,20,'2026-04-26 16:19:48',1),(195,67,5,80,NULL,NULL,20,'2026-04-26 16:19:48',1),(196,8,14,NULL,79,NULL,21,'2026-04-26 18:56:50',2),(197,69,40,81,NULL,NULL,21,'2026-04-26 19:03:15',1),(198,9,9,NULL,80,NULL,21,'2026-04-26 19:11:14',2),(199,12,1,NULL,81,NULL,21,'2026-04-26 19:12:01',2),(200,7,2,NULL,82,NULL,20,'2026-04-27 09:46:53',2),(201,1,28,NULL,83,NULL,20,'2026-04-27 09:51:25',2),(202,7,1,NULL,83,NULL,20,'2026-04-27 09:51:25',2),(203,2,500,82,NULL,NULL,20,'2026-05-01 06:26:09',1),(204,63,97,83,NULL,NULL,20,'2026-05-02 06:57:21',1),(205,4,11,NULL,84,NULL,20,'2026-05-02 08:08:28',2),(206,6,9,NULL,85,NULL,20,'2026-05-02 11:32:17',2),(207,2,-12,NULL,NULL,25,20,'2026-05-03 05:56:42',3),(208,3,30,84,NULL,NULL,21,'2026-05-03 07:38:01',1),(209,20,3,NULL,86,NULL,21,'2026-05-03 07:53:26',2),(210,20,5,85,NULL,NULL,21,'2026-05-03 07:53:59',1),(211,20,5,86,NULL,NULL,21,'2026-05-03 07:54:52',1),(212,30,12,87,NULL,NULL,21,'2026-05-03 10:23:37',1),(213,30,8,88,NULL,NULL,21,'2026-05-03 10:23:51',1),(214,21,3,89,NULL,NULL,21,'2026-05-03 10:24:59',1),(215,21,3,90,NULL,NULL,21,'2026-05-03 10:25:05',1),(216,51,6,91,NULL,NULL,21,'2026-05-03 10:58:01',1),(217,23,8,91,NULL,NULL,21,'2026-05-03 10:58:01',1),(218,13,4,91,NULL,NULL,21,'2026-05-03 10:58:01',1),(219,51,4,92,NULL,NULL,21,'2026-05-03 11:18:25',1),(220,23,2,92,NULL,NULL,21,'2026-05-03 11:18:25',1),(221,13,6,92,NULL,NULL,21,'2026-05-03 11:18:25',1),(222,4,1,NULL,87,NULL,21,'2026-05-03 14:26:52',2),(223,3,1,NULL,87,NULL,21,'2026-05-03 14:26:52',2),(224,4,1,NULL,88,NULL,21,'2026-05-03 14:27:11',2),(225,4,3,NULL,89,NULL,21,'2026-05-03 14:30:24',2),(226,3,1,NULL,89,NULL,21,'2026-05-03 14:30:24',2),(227,4,1,NULL,90,NULL,21,'2026-05-03 14:38:41',2),(228,3,1,NULL,91,NULL,21,'2026-05-03 14:46:12',2),(229,2,1,NULL,91,NULL,21,'2026-05-03 14:46:12',2),(230,10,1,NULL,92,NULL,21,'2026-05-03 14:55:48',2),(231,9,1,NULL,92,NULL,21,'2026-05-03 14:55:48',2),(232,12,1,NULL,92,NULL,21,'2026-05-03 14:55:48',2),(233,5,1,NULL,92,NULL,21,'2026-05-03 14:55:48',2),(234,1,1,NULL,92,NULL,21,'2026-05-03 14:55:48',2),(235,7,1,NULL,93,NULL,21,'2026-05-03 14:58:00',2),(236,6,1,NULL,94,NULL,21,'2026-05-03 15:02:23',2),(237,7,1,NULL,95,NULL,21,'2026-05-03 15:04:48',2),(238,4,1,NULL,96,NULL,21,'2026-05-03 15:13:22',2),(239,3,1,NULL,97,NULL,21,'2026-05-03 15:20:12',2),(240,2,1,NULL,97,NULL,21,'2026-05-03 15:20:12',2),(241,6,1,NULL,97,NULL,21,'2026-05-03 15:20:12',2),(242,4,1,NULL,98,NULL,20,'2026-05-03 15:33:22',2),(243,12,1,NULL,99,NULL,20,'2026-05-03 15:35:03',2),(244,2,1,NULL,100,NULL,20,'2026-05-03 15:38:31',2),(245,3,1,NULL,101,NULL,20,'2026-05-03 15:41:30',2),(246,2,1,NULL,102,NULL,20,'2026-05-03 15:43:00',2),(247,5,1,NULL,102,NULL,20,'2026-05-03 15:43:00',2),(248,7,1,NULL,102,NULL,20,'2026-05-03 15:43:00',2),(249,11,1,NULL,102,NULL,20,'2026-05-03 15:43:00',2),(250,10,1,NULL,102,NULL,20,'2026-05-03 15:43:00',2),(251,9,1,NULL,102,NULL,20,'2026-05-03 15:43:00',2),(252,4,1,NULL,103,NULL,20,'2026-05-03 15:54:31',2),(253,3,1,NULL,103,NULL,20,'2026-05-03 15:54:31',2),(254,2,-200,NULL,NULL,26,20,'2026-05-03 16:02:59',3),(255,24,-10,NULL,NULL,27,20,'2026-05-03 18:00:15',3),(256,7,2,NULL,104,NULL,20,'2026-05-03 18:29:43',2),(257,3,4,NULL,105,NULL,20,'2026-05-03 18:44:55',2),(258,1,1,NULL,106,NULL,20,'2026-05-03 19:38:56',2),(259,2,1,NULL,106,NULL,20,'2026-05-03 19:38:56',2),(260,3,1,NULL,106,NULL,20,'2026-05-03 19:38:56',2),(261,4,1,NULL,106,NULL,20,'2026-05-03 19:38:56',2),(262,7,1,NULL,106,NULL,20,'2026-05-03 19:38:56',2),(263,6,1,NULL,106,NULL,20,'2026-05-03 19:38:56',2),(264,5,1,NULL,106,NULL,20,'2026-05-03 19:38:56',2),(265,7,11,NULL,107,NULL,20,'2026-05-04 17:33:18',2);
/*!40000 ALTER TABLE `stock_movement` ENABLE KEYS */;
UNLOCK TABLES;

--
-- Table structure for table `supplier`
--

DROP TABLE IF EXISTS `supplier`;
/*!40101 SET @saved_cs_client     = @@character_set_client */;
/*!50503 SET character_set_client = utf8mb4 */;
CREATE TABLE `supplier` (
  `id` int NOT NULL AUTO_INCREMENT,
  `name` varchar(150) NOT NULL,
  `phone` varchar(20) DEFAULT NULL,
  `email` varchar(100) DEFAULT NULL,
  `address` varchar(255) DEFAULT NULL,
  `created_at` timestamp NULL DEFAULT CURRENT_TIMESTAMP,
  `supplier_status_id` int NOT NULL,
  PRIMARY KEY (`id`),
  KEY `fk_supplier_supplier_status1_idx` (`supplier_status_id`),
  CONSTRAINT `fk_supplier_supplier_status1` FOREIGN KEY (`supplier_status_id`) REFERENCES `supplier_status` (`id`)
) ENGINE=InnoDB AUTO_INCREMENT=16 DEFAULT CHARSET=utf8mb4 COLLATE=utf8mb4_0900_ai_ci;
/*!40101 SET character_set_client = @saved_cs_client */;

--
-- Dumping data for table `supplier`
--

LOCK TABLES `supplier` WRITE;
/*!40000 ALTER TABLE `supplier` DISABLE KEYS */;
INSERT INTO `supplier` VALUES (1,'Maliban Biscuit Manufactories Ltd','0703760142','orders@maliban.lk','No 120, Nawala Road, Rajagiriya, Colombo','2023-01-08 04:30:00',1),(2,'Ceylon Biscuits Limited (CBL)','0112-925-000','supply@cbl.lk','No 60, Mabole, Wattala, Colombo','2023-01-08 05:00:00',1),(3,'Elephant House / CIC Holdings','0112-329-000','distribution@cic.lk','No 199, Kew Road, Colombo 02','2023-01-09 03:30:00',1),(4,'Nestlé Lanka Ltd','0112-305-000','orders.lk@nestle.com','No 440, Colombo Road, Biyagama, Colombo','2023-01-09 04:00:00',1),(5,'Unilever Sri Lanka Ltd','0112-447-000','orders.sl@unilever.com','No 258, Grandpass Road, Colombo 14','2023-01-10 03:30:00',1),(6,'MAS Holdings Fresh Produce Div','0112-895-000','freshproduce@mas.lk','No 52, Vauxhall Lane, Colombo 02','2023-01-10 04:30:00',1),(7,'Delmege Forsyth & Co Ltd','0112-329-500','trading@delmege.lk','No 101, Norris Canal Road, Colombo 10','2023-01-11 03:30:00',1),(8,'Cargills (Ceylon) PLC','0112-330-000','wholesale@cargills.lk','No 40, York Street, Colombo 01','2023-01-11 04:00:00',1),(9,'Lanka Dairies (Pvt) Ltd','0114-888-000','orders@lankadairies.lk','No 218, Awissawella Road, Orugodawatta, Colombo','2023-01-12 03:30:00',1),(10,'Rich Life / Milk Lanka','0112-478-000','supply@richlife.lk','No 33, Baseline Road, Colombo 09','2023-01-12 04:00:00',1),(11,'Browns & Company PLC','0112-326-000','distribution@browns.lk','No 481, T B Jayah Mawatha, Colombo 10','2023-01-15 03:30:00',1),(12,'Keells Food Products PLC','0112-520-500','orders@keells.lk','No 117, Sir Chittampalam A Gardiner Mw, Col 02','2023-01-15 04:30:00',1),(13,'Sunshine Rice (Pvt) Ltd','0112-740-000','sales@sunshinerice.lk','No 80, New Nuge Road, Peliyagoda, Colombo','2023-01-16 03:30:00',1),(14,'Araliya Rice (Pvt) Ltd','0812-234-567','orders@araliyarice.lk','No 88, Kandy Road, Peradeniya, Kandy','2023-01-16 04:30:00',1),(15,'Brandix Agri Foods','0112-700-000','agri@brandix.lk','No 150, Vauxhall Street, Colombo 02','2023-02-01 03:30:00',1);
/*!40000 ALTER TABLE `supplier` ENABLE KEYS */;
UNLOCK TABLES;

--
-- Table structure for table `supplier_status`
--

DROP TABLE IF EXISTS `supplier_status`;
/*!40101 SET @saved_cs_client     = @@character_set_client */;
/*!50503 SET character_set_client = utf8mb4 */;
CREATE TABLE `supplier_status` (
  `id` int NOT NULL AUTO_INCREMENT,
  `name` varchar(45) DEFAULT NULL,
  PRIMARY KEY (`id`)
) ENGINE=InnoDB AUTO_INCREMENT=4 DEFAULT CHARSET=utf8mb4 COLLATE=utf8mb4_0900_ai_ci;
/*!40101 SET character_set_client = @saved_cs_client */;

--
-- Dumping data for table `supplier_status`
--

LOCK TABLES `supplier_status` WRITE;
/*!40000 ALTER TABLE `supplier_status` DISABLE KEYS */;
INSERT INTO `supplier_status` VALUES (1,'Active'),(2,'Inactive'),(3,'Suspended');
/*!40000 ALTER TABLE `supplier_status` ENABLE KEYS */;
UNLOCK TABLES;

--
-- Table structure for table `user`
--

DROP TABLE IF EXISTS `user`;
/*!40101 SET @saved_cs_client     = @@character_set_client */;
/*!50503 SET character_set_client = utf8mb4 */;
CREATE TABLE `user` (
  `id` int NOT NULL AUTO_INCREMENT,
  `name` varchar(100) NOT NULL,
  `username` varchar(50) NOT NULL,
  `password` varchar(255) NOT NULL,
  `role_id` int NOT NULL,
  `user_status_id` int NOT NULL,
  `created_at` timestamp NULL DEFAULT CURRENT_TIMESTAMP,
  PRIMARY KEY (`id`),
  UNIQUE KEY `username` (`username`),
  KEY `role_id` (`role_id`),
  KEY `fk_user_user_status1_idx` (`user_status_id`),
  CONSTRAINT `fk_user_user_status1` FOREIGN KEY (`user_status_id`) REFERENCES `user_status` (`id`),
  CONSTRAINT `user_ibfk_1` FOREIGN KEY (`role_id`) REFERENCES `user_role` (`id`)
) ENGINE=InnoDB AUTO_INCREMENT=26 DEFAULT CHARSET=utf8mb4 COLLATE=utf8mb4_0900_ai_ci;
/*!40101 SET character_set_client = @saved_cs_client */;

--
-- Dumping data for table `user`
--

LOCK TABLES `user` WRITE;
/*!40000 ALTER TABLE `user` DISABLE KEYS */;
INSERT INTO `user` VALUES (1,'Kamal Perera','kamal.perera','$2b$10$HPg1dOlOQygKp1LR25O4zOGVkcYqKbA8s1fB2VRrWbbsAhII4yPja',1,1,'2023-01-05 02:30:00'),(2,'Nimal Dissanayake','nimal.d','$2b$12$AKHv2GpS2uQz9qWnLkMtIeVbYJ3Nz8R7cD4oP2sA6wE0fH5gL9mKv',2,1,'2023-01-06 03:00:00'),(3,'Sunil Fernando','sunil.f','$2b$12$BKHv3GpS3uQz9qWnLkMtIeVbYJ3Nz8R7cD4oP2sA6wE0fH5gL9mKw',2,1,'2023-01-07 03:30:00'),(4,'Ruwan Jayasinghe','ruwan.j','$2b$10$KOg22jhmJYIJjVlnKUwuMu22W00vsrVDZXhgnaqBrlybcjbIVsGom',3,1,'2023-01-10 03:30:00'),(5,'Chaminda Rathnayake','chaminda.r','$2b$12$DKHv5GpS5uQz9qWnLkMtIeVbYJ3Nz8R7cD4oP2sA6wE0fH5gL9mKy',3,3,'2023-01-10 03:45:00'),(6,'Priyanka Wijesinghe','priyanka.w','$2b$12$EKHv6GpS6uQz9qWnLkMtIeVbYJ3Nz8R7cD4oP2sA6wE0fH5gL9mKz',4,1,'2023-01-12 02:30:00'),(7,'Nadeesha Kumari','nadeesha.k','$2b$12$FKHv7GpS7uQz9qWnLkMtIeVbYJ3Nz8R7cD4oP2sA6wE0fH5gL9mLa',4,1,'2023-01-12 02:45:00'),(8,'Thilak Bandara','thilak.b','$2b$12$GKHv8GpS8uQz9qWnLkMtIeVbYJ3Nz8R7cD4oP2sA6wE0fH5gL9mLb',4,2,'2023-01-15 02:30:00'),(9,'Samanthi Silva','samanthi.s','$2b$12$HKHv9GpS9uQz9qWnLkMtIeVbYJ3Nz8R7cD4oP2sA6wE0fH5gL9mLc',4,1,'2023-01-15 03:00:00'),(10,'Lasith Malinga','lasith.m','$2b$12$IKHv0GpS0uQz9qWnLkMtIeVbYJ3Nz8R7cD4oP2sA6wE0fH5gL9mLd',3,1,'2023-02-01 03:30:00'),(11,'Dilini Jayawardena','dilini.j','$2b$12$JKHv1GpS1vQz9qWnLkMtIeVbYJ3Nz8R7cD4oP2sA6wE0fH5gL9mLe',4,1,'2023-02-05 02:30:00'),(12,'Asanka Gunawardena','asanka.g','$2b$12$KKHv2GpS2vQz9qWnLkMtIeVbYJ3Nz8R7cD4oP2sA6wE0fH5gL9mLf',2,2,'2023-03-01 03:30:00'),(17,'ishara','ish','$2b$10$yfZHG1bm72Umx2IM9/hfxOm13Mou/6Xu20YijbXAkUqKODVVEzv6i',1,1,'2026-04-02 15:51:33'),(20,'Nugitha','nugi','$2b$10$h31VOaozv1ndD/Rm/fhjmOtKbN0i86x4ZCv6q.rmwqfzkmoLD2h5a',1,1,'2026-04-03 14:42:15'),(21,'AdminUser','admin','$2b$10$z9wJx6ZbhStxwfLD7Y03LecdskNTa8Voa7Gnz00ism6HcS6s6bU/y',1,1,'2026-04-21 17:49:01'),(22,'CashierUser','cashier','$2b$10$aY6nc50d9a7VQliZeE3vLe.aDctW08WR8hq3Z5UdGsaR02PuAbEgy',4,1,'2026-04-21 17:49:42'),(23,'ManagerUser','manager','$2b$10$ZKLenh7RsVH3ot6YMfPlK.o5kYLsIUkZXnt1b8UaVNkRtotzbz3W.',2,1,'2026-04-21 17:50:11'),(24,'StorekeeperUser','storekeeper','$2b$10$QqvIXOo4tTzstyZamVgwA.NMoYE/CtooEolLEK7vVDQneec7/XTIe',3,1,'2026-04-21 17:50:50'),(25,'Imasha','ima','$2b$10$.Fb/3PkY.pWzY0by8xupUec4eApWPsDzZhvpIZbx4K2jXv7lw21Ni',1,1,'2026-05-05 11:10:40');
/*!40000 ALTER TABLE `user` ENABLE KEYS */;
UNLOCK TABLES;

--
-- Table structure for table `user_role`
--

DROP TABLE IF EXISTS `user_role`;
/*!40101 SET @saved_cs_client     = @@character_set_client */;
/*!50503 SET character_set_client = utf8mb4 */;
CREATE TABLE `user_role` (
  `id` int NOT NULL AUTO_INCREMENT,
  `name` varchar(50) NOT NULL,
  PRIMARY KEY (`id`),
  UNIQUE KEY `name` (`name`)
) ENGINE=InnoDB AUTO_INCREMENT=6 DEFAULT CHARSET=utf8mb4 COLLATE=utf8mb4_0900_ai_ci;
/*!40101 SET character_set_client = @saved_cs_client */;

--
-- Dumping data for table `user_role`
--

LOCK TABLES `user_role` WRITE;
/*!40000 ALTER TABLE `user_role` DISABLE KEYS */;
INSERT INTO `user_role` VALUES (1,'Admin'),(4,'Cashier'),(2,'Manager'),(3,'StoreKeeper');
/*!40000 ALTER TABLE `user_role` ENABLE KEYS */;
UNLOCK TABLES;

--
-- Table structure for table `user_status`
--

DROP TABLE IF EXISTS `user_status`;
/*!40101 SET @saved_cs_client     = @@character_set_client */;
/*!50503 SET character_set_client = utf8mb4 */;
CREATE TABLE `user_status` (
  `id` int NOT NULL AUTO_INCREMENT,
  `name` varchar(50) NOT NULL,
  PRIMARY KEY (`id`),
  UNIQUE KEY `name` (`name`)
) ENGINE=InnoDB AUTO_INCREMENT=5 DEFAULT CHARSET=utf8mb4 COLLATE=utf8mb4_0900_ai_ci;
/*!40101 SET character_set_client = @saved_cs_client */;

--
-- Dumping data for table `user_status`
--

LOCK TABLES `user_status` WRITE;
/*!40000 ALTER TABLE `user_status` DISABLE KEYS */;
INSERT INTO `user_status` VALUES (1,'Active'),(2,'Inactive'),(3,'Suspended');
/*!40000 ALTER TABLE `user_status` ENABLE KEYS */;
UNLOCK TABLES;
/*!40103 SET TIME_ZONE=@OLD_TIME_ZONE */;

/*!40101 SET SQL_MODE=@OLD_SQL_MODE */;
/*!40014 SET FOREIGN_KEY_CHECKS=@OLD_FOREIGN_KEY_CHECKS */;
/*!40014 SET UNIQUE_CHECKS=@OLD_UNIQUE_CHECKS */;
/*!40101 SET CHARACTER_SET_CLIENT=@OLD_CHARACTER_SET_CLIENT */;
/*!40101 SET CHARACTER_SET_RESULTS=@OLD_CHARACTER_SET_RESULTS */;
/*!40101 SET COLLATION_CONNECTION=@OLD_COLLATION_CONNECTION */;
/*!40111 SET SQL_NOTES=@OLD_SQL_NOTES */;

-- Dump completed on 2026-05-05 16:43:33
